execucao_id,ordem,codigo,grupo,pergunta,referencia_esperada,resposta,response_id,status,erro,duracao_ms,timestamp,rag_consultado,rag_encontrou_resultados,quantidade_resultados_rag,melhor_score_rag,arquivos_rag,avaliacao_manual,observacoes
2026-08-07T03:44:40.901Z,1,P001,PRESENTE,O que é a ferramenta Meu Imóvel Rural e como ela amplia a autonomia dos agricultores?,Meu Imóvel Rural ferramenta para autonomia,"Encontrei essa resposta nas transcrições da Rede Aurora.

A ferramenta ""Meu Imóvel Rural"" foi desenvolvida para enfrentar a dificuldade que os agricultores enfrentam na obtenção de informações sobre seus imóveis rurais. Essa ferramenta permite uma visualização eficiente dos dados dos agricultores a partir da plataforma do INCRA e oferece aos agricultores a capacidade de ter informações atualizadas sobre suas propriedades. Isso é feito através da integração com o sistema do Golfbr, onde os agricultores conseguem fazer login e acessar várias abas para buscar suas informações. Essa atualização frequente dos dados auxilia na gestão territorial, fundiária e ambiental, ampliando assim a autonomia dos agricultores em suas atividades.

https://youtu.be/XWWEGyi2lwM?t=874",resp_0301f5bcd0772678006a7554b6372481a1bb863caa991a8a5a,OK,,17695,"07/08/2026, 00:44:58",TRUE,TRUE,8,"0,5408",001_Meu Imóvel Rural ferramenta para autonomia.json,RAG confirmado,"Fonte esperada recuperada; resposta coerente com a pergunta e ancorada na transcrição. Melhor score RAG de 0,5408, acima do limiar de 0,30; acompanhar a estabilidade nas repetições."
2026-08-07T03:44:40.901Z,2,P002,PRESENTE,Como a extensão universitária pode contribuir para o desenvolvimento de um destino de cicloturismo?,Extensão universitária para o desenvolvimento de destino de cicloturismo,"Encontrei essa resposta nas transcrições da Rede Aurora.

A extensão universitária pode contribuir significativamente para o desenvolvimento de um destino de cicloturismo ao promover a organização de grupos, roteiros e passeios com a participação de ciclocondutores e futuramente agências locais. Isso envolve a criação de produtos turísticos únicos baseados em patrimônios naturais, que podem atrair atenção internacional. Além disso, as universidades desempenham um papel essencial na formação profissional e na ""turistificação"" da experiência científica sem perder seu rigor.

Assista ao vídeo completo aqui: https://youtu.be/WLsLdgfN5JM?t=4591",resp_0a1fca2268619071006a7554cb531c819c8462c797183f7b2b,OK,,17596,"07/08/2026, 00:45:19",TRUE,TRUE,8,"0,7657",002_Extensão universitária para o desenvolvimento de destino de cicloturismo.json,RAG confirmado,"Fonte esperada recuperada pelo File Search; resposta coerente com a pergunta, ancorada na transcrição e acompanhada de vídeo/timestamp."
2026-08-07T03:44:40.901Z,3,P003,PRESENTE,Como as redes sociais podem ser usadas como ferramenta de aprendizagem junto aos agricultores familiares?,O uso das redes sociais como ferramenta de aprendizagem junto aos agricultores familiares,"Encontrei essa resposta nas transcrições da Rede Aurora.

As redes sociais podem ser utilizadas como ferramenta de aprendizagem junto aos agricultores familiares ao permitir a troca de informações e experiências sobre práticas agrícolas e estratégias de convivência com o meio ambiente. Além disso, eles mencionam a importância de criar espaços virtuais onde os agricultores possam valorizar suas raízes e aprender sobre tecnologias que melhorem sua vida no campo.

Veja mais detalhes no vídeo: https://youtu.be/767OxutU0I4?t=412",resp_0b1a3138dcfc9b6a006a7554e0ad3081a3b07586d65af4bbdd,OK,,18046,"07/08/2026, 00:45:41",TRUE,TRUE,8,"0,792",003_O uso das redes sociais como ferramenta de aprendizagem junto aos agricultores familiares.json,RAG confirmado,"Fonte esperada recuperada pelo File Search; resposta coerente com a pergunta, ancorada na transcrição e acompanhada de vídeo/timestamp."
2026-08-07T03:44:40.901Z,4,P004,PRESENTE,Como foi desenvolvida a experiência de formação em Extensão Rural e Agroecologia?,A experiência de formação em Extensão Rural e Agroecologia,"Encontrei essa resposta nas transcrições da Rede Aurora.

A experiência de formação em Extensão Rural e Agroecologia foi desenvolvida através de um ciclo de formação do extensionista rural, começando com a ideia de integrar ensino, pesquisa e extensão. Houve uma forte demanda por formação, o que levou à oferta de dois cursos virtuais de agroecologia. O primeiro curso teve 500 inscritos e 200 conclusões. A formação visa discutir não só a produção, mas também modos de vida e práticas cotidianas, abordando temas como agroecologia política, transição agroecológica e sementes criolas.

Você pode assistir ao vídeo completo aqui: [https://youtu.be/V2vmGx1j6Ck?t=61](https://youtu.be/V2vmGx1j6Ck?t=61)",resp_05432bc1693c19b4006a7554f49558819e87d617951a25045d,OK,,16733,"07/08/2026, 00:46:00",TRUE,TRUE,8,"0,631",004_A experiência de formação em Extensão Rural e Agroecologia.json,RAG confirmado,"Fonte esperada recuperada; resposta coerente e com timestamp. Ressalva de apresentação: o link foi devolvido em Markdown, diferente do padrão de URL simples definido para o bot."
2026-08-07T03:44:40.901Z,5,P005,PRESENTE,Quais estratégias podem promover uma digitalização inclusiva na Amazônia Paraense?,Promovendo a digitalização inclusiva na Amazônia Paraense,"Encontrei essa resposta nas transcrições da Rede Aurora.

Para promover uma digitalização inclusiva na Amazônia Paraense, uma das estratégias mencionadas é o desenvolvimento e adoção de ferramentas digitais inclusivas. O projeto buscou auxiliar a transição para sistemas de produção mais sustentáveis e promover a inclusão social e econômica por meio da tecnologia.

Vídeo relacionado:
https://youtu.be/buowq0S7-xE?t=1893",resp_0773b79ce2c17dc2006a75550a272481a1998b4415ea50225c,OK,,18148,"07/08/2026, 00:46:22",TRUE,TRUE,8,"0,7103",005_Promovendo a digitalização inclusiva na Amazônia Paraense.json,RAG confirmado,"Fonte esperada recuperada pelo File Search; resposta coerente com a pergunta, ancorada na transcrição e acompanhada de vídeo/timestamp."
2026-08-07T03:44:40.901Z,6,P006,PRESENTE,Como a ATER pública se posiciona diante da digitalização da agricultura?,Ater pública frente à digitalização na agricultura- construção e perspectivas,"Encontrei essa resposta nas transcrições da Rede Aurora.

A ATER pública enfrenta o desafio da digitalização da agricultura ao tentar modernizar suas estruturas e ampliar o uso de tecnologias para alcançar mais produtores. A utilização dessas ferramentas é vista como um caminho para superar os gargalos existentes na assistência técnica pública, promovendo inclusão digital e melhor conectividade.

Vídeo correspondente: https://youtu.be/p8WNd6rhxno?t=1032",resp_0301c0a02009f2d4006a75551f8af881a28115038942018ff9,OK,,16384,"07/08/2026, 00:46:43",TRUE,TRUE,8,"0,6674",006_Ater pública frente à digitalização na agricultura- construção e perspectivas.json,RAG confirmado,"Fonte esperada recuperada pelo File Search; resposta coerente com a pergunta, ancorada na transcrição e acompanhada de vídeo/timestamp."
2026-08-07T03:44:40.901Z,7,P007,PRESENTE,Como as redes sociais podem ampliar a comercialização da agricultura familiar?,O uso de redes sociais pela agricultura familiar para ampliar a comercialização,"Encontrei essa resposta nas transcrições da Rede Aurora.

As redes sociais podem amplificar a comercialização da agricultura familiar ao abrir novas possibilidades de visibilidade para os produtos e produtores, embora também possam apresentar desafios e campos de enfrentamento. Há uma atenção especial à gestão das redes sociais, uma vez que a visibilidade pode ser tanto uma oportunidade quanto um risco.

Veja mais neste vídeo: [https://youtu.be/Jz8QTrKGMMI?t=2970](https://youtu.be/Jz8QTrKGMMI?t=2970)",resp_078074149ef1d27f006a755531ff08819cb57ae70afc3ca1e4,OK,,15723,"07/08/2026, 00:47:01",TRUE,TRUE,8,"0,8013",007_O uso de redes sociais pela agricultura familiar para ampliar a comercialização.json | 008_O uso de redes sociais pela agricultura familiar para ampliar a comercialização.json,RAG confirmado,"Fonte esperada recuperada; resposta coerente e com timestamp. Ressalva de apresentação: o link foi devolvido em Markdown, diferente do padrão de URL simples definido para o bot."
2026-08-07T03:44:40.901Z,8,P008,PRESENTE,Quais são os efeitos da Extensão Rural sobre a produtividade em um sistema pluralista?,Avaliando os efeitos da Extensão Rural na produtividade em um sistema pluralista,"Encontrei essa resposta nas transcrições da Rede Aurora.

A Extensão Rural em um sistema pluralista tem efeitos positivos sobre a produtividade. Ela auxilia no incremento da produtividade através do aumento em dólares por acre, o que foi observado em diferentes contextos, demonstrando a dimensão econômica positiva do impacto do uso da terra.

Além disso, para comunidades isoladas, é importante educar e implementar projetos de extensão eficientes, utilizando tecnologias de comunicação. Esse tipo de sistema ATER (Assistência Técnica e Extensão Rural) é crucial na melhoria do uso da terra e na implementação de práticas inovadoras.

Você pode assistir ao vídeo completo neste link:
[https://youtu.be/Ooht7sdX5Ts?t=3242](https://youtu.be/Ooht7sdX5Ts?t=3242)",resp_02d7a45ae9c16960006a75554bbe30819f8588113bd9766355,OK,,16853,"07/08/2026, 00:47:28",TRUE,TRUE,8,"0,7029",008_Avaliando os efeitos da Extensão Rural na produtividade em um sistema pluralista.json | 009_Avaliando os efeitos da Extensão Rural na produtividade em um sistema pluralista.json,RAG confirmado,"Fonte esperada recuperada; resposta coerente e com timestamp. Ressalva de apresentação: o link foi devolvido em Markdown, diferente do padrão de URL simples definido para o bot."
2026-08-07T03:44:40.901Z,9,P009,PRESENTE,Como a inteligência artificial fortalece a colaboração entre o campo e o laboratório na agricultura?,Inteligência coletiva na Agricultura- como a IA fortalece a colaboração entre campo e laboratório,"Encontrei essa resposta nas transcrições da Rede Aurora.

A inteligência artificial fortalece a colaboração entre campo e laboratório na agricultura ao integrar tecnologias como deep learning e redes neurais. Isso permite uma interação mais eficaz entre os agricultores e as diferentes partes interessadas, potencializando o uso de IA não só do ponto de vista técnico, mas também humano e social. Esses sistemas ajudam na investigação e aplicação prática, diminuindo erros e promovendo soluções eficazes no controle e manejo agrícola.

Link do vídeo: https://youtu.be/ilfn593UOlw?t=643",resp_0a48252683fa6e82006a75556017f8819d9c5eab00cdb01bf9,OK,,16453,"07/08/2026, 00:47:47",TRUE,TRUE,8,"0,8355",010_Inteligência coletiva na Agricultura- como a IA fortalece a colaboração entre campo e laboratório.json | 009_Inteligência coletiva na Agricultura- como a IA fortalece a colaboração entre campo e laboratório.json,RAG confirmado,"Fonte esperada recuperada pelo File Search; resposta coerente com a pergunta, ancorada na transcrição e acompanhada de vídeo/timestamp."
2026-08-07T03:44:40.901Z,10,P010,PRESENTE,Como a linguagem clara pode ser usada como estratégia de extensão rural em Portugal?,"A linguagem clara como estratégia de extensão rural, em Portugal","Encontrei essa resposta nas transcrições da Rede Aurora.

O uso da linguagem clara como estratégia de extensão rural em Portugal destaca a importância de comunicar de forma direta e sem ambiguidade com os agricultores. Cristina Nobre Soares explica que a linguagem clara, além de evitar palavras ambíguas, deve chamar as coisas pelos nomes, facilitando a compreensão e a aplicação prática do conhecimento pelos agricultores. Ela aponta que a linguagem clara não só melhora a comunicação, como também tem um papel fundamental em adaptar as informações para que sejam mais acessíveis e úteis para o público alvo.

Você pode assistir mais sobre isso no vídeo: https://youtu.be/avCGvUHjBpc?t=1826.",resp_00ece035541ce668006a75557378dc81a09bcc1f749a846c43,OK,,17093,"07/08/2026, 00:48:08",TRUE,TRUE,8,"0,8224","011_A linguagem clara como estratégia de extensão rural, em Portugal.json | 010_A linguagem clara como estratégia de extensão rural, em Portugal.json",RAG confirmado,"Fonte esperada recuperada pelo File Search; resposta coerente com a pergunta, ancorada na transcrição e acompanhada de vídeo/timestamp."
2026-08-07T03:44:40.901Z,11,P011,PRESENTE,Quais são os principais desafios da Extensão Rural contemporânea?,Desafios da Extensão Rural Contemporânea,"Encontrei essa resposta nas transcrições da Rede Aurora.

Os principais desafios da Extensão Rural contemporânea incluem identificar e propor caminhos metodológicos para os elementos e condicionantes que determinam os processos de transferência e compartilhamento de novas tecnologias nos territórios rurais da América. Além disso, foram mencionados desafios antigos que continuam presentes, juntamente com novos desafios que surgem ao longo do tempo.

Para mais detalhes, você pode assistir ao vídeo completo aqui: [Desafios da Extensão Rural Contemporânea](https://youtu.be/EaI5702vijc?t=44).",resp_06d5410f2b2a2e2e006a7555897140819fa310cbc351be3e40,OK,,17320,"07/08/2026, 00:48:29",TRUE,TRUE,8,"0,6084",012_Desafios da Extensão Rural Contemporânea.json | 008_Avaliando os efeitos da Extensão Rural na produtividade em um sistema pluralista.json | 009_Avaliando os efeitos da Extensão Rural na produtividade em um sistema pluralista.json | 066_Velhos e novos desafios para a Extensão Rural do futuro.json | 011_Desafios da Extensão Rural Contemporânea.json | 013_Transformando a Extensão Rural- Projeto Piloto Epagri e ATER+ Digital.json,RAG confirmado,"Fonte esperada recuperada entre vários resultados do File Search; a resposta final permaneceu coerente com a referência. O link foi formatado em Markdown, fora do padrão de URL simples definido para o bot."
2026-08-07T03:44:40.901Z,12,P012,PRESENTE,Por que o caso de agricultura urbana de Maringá é considerado exitoso?,Agricultura urbana- o caso exitoso de Maringá,"Encontrei essa resposta nas transcrições da Rede Aurora.

O caso de agricultura urbana em Maringá é considerado exitoso porque envolve uma significativa inclusão de famílias nas hortas comunitárias. Atualmente, existem aproximadamente 1.253 agricultoras envolvidas em 42 hortas comunitárias na cidade. Esse projeto tem mais de 30 anos de experiência em produção em larga escala, incluindo até a criação de tanques de peixes. Esse sucesso é suportado por legislações e adequações promovidas pelas autoridades locais.

https://youtu.be/KT7qnCzvdnc?t=1565",resp_07ff01c79126cc7f006a75559d897c819cb8fd91b124ddb2f0,OK,,17543,"07/08/2026, 00:48:49",TRUE,TRUE,8,"0,6363",012_Agricultura urbana- o caso exitoso de Maringá.json | 014_Agricultura urbana- o caso exitoso de Maringá.json,RAG confirmado,"Fonte esperada recuperada pelo File Search; resposta coerente com a pergunta, ancorada na transcrição e acompanhada de vídeo/timestamp."
2026-08-07T03:44:40.901Z,13,P013,PRESENTE,Como o projeto-piloto da Epagri e a ATER+ Digital estão transformando a Extensão Rural?,Transformando a Extensão Rural- Projeto Piloto Epagri e ATER+ Digital,"Encontrei essa resposta nas transcrições da Rede Aurora.

O projeto-piloto da Epagri e ATER+ Digital está transformando a Extensão Rural ao aumentar o acesso dos produtores às informações. Isso foi possível através da criação de hubs específicos, como o da apicultura e o da batata-doce, que são relevantes para Santa Catarina. O objetivo é tornar o atendimento mais frequente e eficiente para um maior número de produtores.

Veja mais no vídeo a partir de 1284 segundos:

https://www.youtube.com/watch?v=SXdCNI8zBQc?t=1284",resp_059e48a5c091ab70006a7555b1b28881a2a6acfcbe7e0b1191,OK,,16952,"07/08/2026, 00:49:09",TRUE,TRUE,8,"0,7972",013_Transformando a Extensão Rural- Projeto Piloto Epagri e ATER+ Digital.json | 015_Transformando a Extensão Rural- Projeto Piloto Epagri e ATER+ Digital.json,RAG confirmado,"Fonte esperada recuperada e conteúdo coerente. Ressalva técnica: a URL foi montada no formato 'watch?v=...?...', diferente do padrão solicitado; deve ser normalizada antes do uso no Telegram."
2026-08-07T03:44:40.901Z,14,P014,PRESENTE,Como a extensão universitária e a sustentabilidade em rede se articulam no assentamento rural Itamarati?,Extensão universitária e sustentabilidade em rede- a experiência do assentamento rural Itamarati,"Encontrei essa resposta nas transcrições da Rede Aurora.

A extensão universitária e a sustentabilidade em rede no assentamento rural Itamarati são articuladas através de projetos que focam em inovação como base para conduta e programação, destacando a sustentabilidade como um enfoque central. Por exemplo, um projeto piloto chamado ""Piccultura Familiar Sustentável"" foi implementado em parceria com o MPA, com o objetivo de realizar um codesenho e planejar estrategicamente a implantação de iniciativas sustentáveis no assentamento. 

Link para o vídeo: https://youtu.be/uv9GJrGyjrs?t=2616",resp_003fcc28d9ddf2db006a7555c6f83481a2b6127efbbe48531e,OK,,21467,"07/08/2026, 00:49:34",TRUE,TRUE,8,"0,7842",014_Extensão universitária e sustentabilidade em rede- a experiência do assentamento rural Itamarati.json | 016_Extensão universitária e sustentabilidade em rede- a experiência do assentamento rural Itamarati.json,RAG confirmado,"Fonte esperada recuperada pelo File Search; resposta coerente com a pergunta, ancorada na transcrição e acompanhada de vídeo/timestamp."
2026-08-07T03:44:40.901Z,15,P015,PRESENTE,Quais caminhos são apresentados para a criação agroecológica de animais?,Construindo caminhos para a criação agroecológica de animais,"Encontrei essa resposta nas transcrições da Rede Aurora.

A agroecologia para a criação de animais busca a integração entre vegetais e animais, ressaltando a importância dessa relação para produtividade e ciclagem dentro do sistema agroecológico. A palestra menciona que mesmo atividades com animais domesticados, como a criação de bezerros, precisam ser feitas em contato conjunto com a mãe, visando a saúde e desenvolvimento dos animais de forma integrada ao sistema ecológico.

Para mais detalhes, você pode assistir ao vídeo completo: https://youtu.be/gvXA0MC-Oyc?t=1333",resp_06d58c4aeafeb482006a7555e02c0081a197842be7952ba16a,OK,,17489,"07/08/2026, 00:49:55",TRUE,TRUE,8,"0,718",017_Construindo caminhos para a criação agroecológica de animais.json | 015_Construindo caminhos para a criação agroecológica de animais.json,RAG confirmado,"Fonte esperada recuperada pelo File Search; resposta coerente com a pergunta, ancorada na transcrição e acompanhada de vídeo/timestamp."
2026-08-07T03:44:40.901Z,16,P016,PRESENTE,O que são os hubs da Plataforma ATER+ Digital desenvolvidos pela Embrapa Meio Ambiente?,Plataforma Ater+ Digital- Hubs desenvolvidos pela Embrapa Meio Ambiente,"Encontrei essa resposta nas transcrições da Rede Aurora.

Os hubs da Plataforma ATER+ Digital desenvolvidos pela Embrapa Meio Ambiente estão divididos em cadeias produtivas e hubs temáticos voltados para a agricultura familiar. Hubs assinalados em verde são aqueles já disponíveis na plataforma, enquanto os em laranja estão em desenvolvimento e ainda não estão disponíveis para o público.

Veja mais detalhes no vídeo: https://youtu.be/bhRDIRkoLwE?t=605",resp_079a63da972bf6f8006a7555f355a881a2b862d98234e0972c,OK,,18578,"07/08/2026, 00:50:17",TRUE,TRUE,8,"0,7359",016_Plataforma Ater+ Digital- Hubs desenvolvidos pela Embrapa Meio Ambiente.json | 018_Plataforma Ater+ Digital- Hubs desenvolvidos pela Embrapa Meio Ambiente.json,RAG confirmado,"Fonte esperada recuperada pelo File Search; resposta coerente com a pergunta, ancorada na transcrição e acompanhada de vídeo/timestamp."
2026-08-07T03:44:40.901Z,17,P017,PRESENTE,Como as mídias digitais são utilizadas na ATER?,Uso das mídias digitais na ATER,"Encontrei essa resposta nas transcrições da Rede Aurora.

As mídias digitais são utilizadas na ATER (Assistência Técnica e Extensão Rural) para diversos fins. Por exemplo, foi mencionado o uso de um canal no YouTube desde 2018, onde vídeos são produzidos num formato específico, ajudando a disseminar informações e práticas para o público alvo. Além disso, as mídias digitais são vistas como uma ferramenta importante para trabalhar em comunidade e trocar informações de forma mais ampla.

Link para o vídeo: https://youtu.be/3I4kSaD1sNs?t=1383",resp_072df4cb2034b634006a75560842b081a1a4f260e7e8c8b3c8,OK,,15814,"07/08/2026, 00:50:36",TRUE,TRUE,8,"0,7566",019_Uso das mídias digitais na ATER.json | 017_Uso das mídias digitais na ATER.json,RAG confirmado,"Fonte esperada recuperada pelo File Search; resposta coerente com a pergunta, ancorada na transcrição e acompanhada de vídeo/timestamp."
2026-08-07T03:44:40.901Z,18,P018,PRESENTE,Quais são os desafios e as possibilidades do desenvolvimento rural em tempos de transformação?,Desenvolvimento rural em tempos de transformação- desafios e possibilidades,"Encontrei essa resposta nas transcrições da Rede Aurora.

Os desafios e possibilidades do desenvolvimento rural em tempos de transformação incluem a diversificação produtiva e econômica, a agroindústria familiar, os processos de agroecologia, a produção orgânica e o turismo rural. Outro aspecto importante é a necessidade de políticas públicas para apoiar o desenvolvimento rural, uma vez que não há desenvolvimento sem a presença do Estado.

Você pode assistir ao vídeo completo aqui: https://youtu.be/GTeFj6ZTJ7Q?t=1636",resp_0a6ecdfb8abde195006a75561d8d6081a1881d1837b63c2e29,OK,,18003,"07/08/2026, 00:50:59",TRUE,TRUE,8,"0,7785",018_Desenvolvimento rural em tempos de transformação- desafios e possibilidades.json | 020_Desenvolvimento rural em tempos de transformação- desafios e possibilidades.json,RAG confirmado,"Fonte esperada recuperada pelo File Search; resposta coerente com a pergunta, ancorada na transcrição e acompanhada de vídeo/timestamp."
2026-08-07T03:44:40.901Z,19,P019,PRESENTE,O que é o PAS Nordeste e como funcionam as Redes Territoriais de ATER?,PAS Nordeste e as Redes Territoriais de ATER,"Encontrei essa resposta nas transcrições da Rede Aurora.

O PAS Nordeste é mencionado como mais adequado ser chamado de estratégia, ao invés de programa. Ele foca na produção e consumo de alimentos saudáveis.

As Redes Territoriais de ATER são descritas como algo inovador que traz uma nova dimensão à assistência técnica no território. Elas funcionam como núcleos técnicos que melhoram a qualidade das políticas públicas e auxiliam na eficiência dessas políticas para a agricultura familiar.

Você pode assistir aos detalhes nos links:
- Sobre o PAS Nordeste: https://youtu.be/OrJJhkyK_d4?t=248
- Sobre as Redes Territoriais de ATER: https://youtu.be/OrJJhkyK_d4?t=2092",resp_05944b007486bd8e006a7556338b1881a2845109787f1b1be3,OK,,21035,"07/08/2026, 00:51:23",TRUE,TRUE,8,"0,5121",021_PAS Nordeste e as Redes Territoriais de ATER.json | 019_PAS Nordeste e as Redes Territoriais de ATER.json,RAG confirmado,"Fonte esperada recuperada e resposta coerente. Melhor score RAG de 0,5121, um dos menores entre as perguntas presentes; acompanhar a estabilidade nas repetições."
2026-08-07T03:44:40.901Z,20,P020,PRESENTE,"Quais são as perspectivas digitais para a ATER envolvendo digitalização, letramento digital, autodeclaração e políticas públicas?","Perspectivas digitais para a ATER- digitalização, letramento digital, autodeclaração e p. públicas","Encontrei essa resposta nas transcrições da Rede Aurora.

As perspectivas digitais para a ATER (Assistência Técnica e Extensão Rural) envolvem diversas políticas públicas que buscam integrar a digitalização, o letramento digital e a autodeclaração. Políticas de compensação de carbono estão sendo implementadas com o envolvimento dos jovens, criando um ambiente de monitoramento e interação. Além disso, a gamificação e o cumprimento de metas são parte das estratégias para envolver mais efetivamente os participantes no processo de digitalização.

Vídeo correspondente: https://youtu.be/4-fNOfi7AwU?t=1558",resp_0afdddce01314b3d006a75564b7ce0819ea3803e073300200d,OK,,17226,"07/08/2026, 00:51:43",TRUE,TRUE,8,"0,7743","020_Perspectivas digitais para a ATER- digitalização, letramento digital, autodeclaração e p. públicas.json | 022_Perspectivas digitais para a ATER- digitalização, letramento digital, autodeclaração e p. públicas.json",RAG confirmado,Fonte esperada recuperada e resposta relacionada ao tema. A resposta cobre o conjunto da questão de forma mais geral e não desenvolve com a mesma profundidade todos os eixos citados na pergunta.
2026-08-07T03:44:40.901Z,21,P021,PRESENTE,Como o WhatsApp é utilizado na comunicação rural para promover diálogos?,"Semeando mensagens, colhendo diálogos- a comunicação rural e o uso do WhatsApp","Encontrei essa resposta nas transcrições da Rede Aurora.

O WhatsApp é utilizado na comunicação rural como uma ferramenta de comunicação instantânea que permite uma fala mais direta e intensifica o diálogo entre os participantes. Ele possibilita a interação e é especialmente importante para facilitar o envolvimento de extensionistas, agricultores e outros envolvidos na comunicação rural.

Veja mais no vídeo: https://youtu.be/GP4ZtB5TmZQ?t=3696",resp_0a50b9fd061f9839006a75565fb18081a2a756f5b01ee35331,OK,,16772,"07/08/2026, 00:52:03",TRUE,TRUE,8,"0,7351","023_Semeando mensagens, colhendo diálogos- a comunicação rural e o uso do WhatsApp.json | 021_Semeando mensagens, colhendo diálogos- a comunicação rural e o uso do WhatsApp.json",RAG confirmado,"Fonte esperada recuperada pelo File Search; resposta coerente com a pergunta, ancorada na transcrição e acompanhada de vídeo/timestamp."
2026-08-07T03:44:40.901Z,22,P022,PRESENTE,Quais são as contribuições do Pila Verde e do Pila Azul para a segurança alimentar e a qualidade de vida?,Segurança Alimentar e Qualidade de Vida contribuições do Pila Verde e Pila Azul,"Encontrei essa resposta nas transcrições da Rede Aurora.

O projeto Pila Verde consiste em usar adubo orgânico para hortas e vegetações caseiras, proporcionando uma fonte direta de alimentação e promovendo sustentabilidade. Já o projeto Pila Azul envolve o uso de materiais recicláveis como fonte de renda para famílias carentes e facilita o trabalho dos catadores, contribuindo para a inclusão social e melhora da qualidade de vida.

Para mais detalhes, veja o vídeo [aqui](https://youtu.be/OmEJCAXaBlg?t=906).",resp_08313ed2c12d8d59006a7556752d48819dbe61d28e0343cefb,OK,,18402,"07/08/2026, 00:52:25",TRUE,TRUE,8,"0,7142",024_Segurança Alimentar e Qualidade de Vida contribuições do Pila Verde e Pila Azul.json | 022_Segurança Alimentar e Qualidade de Vida contribuições do Pila Verde e Pila Azul.json,RAG confirmado,"Fonte esperada recuperada; resposta coerente e com timestamp. Ressalva de apresentação: o link foi devolvido em Markdown, diferente do padrão de URL simples definido para o bot."
2026-08-07T03:44:40.901Z,23,P023,PRESENTE,Como a Extensão Rural atua como protagonista nas Caminhadas Internacionais na Natureza e no turismo?,Caminhadas Internacional na Natureza Extensão Rural como protagonista do turismo,"Encontrei essa resposta nas transcrições da Rede Aurora.

A Extensão Rural atua como protagonista nas Caminhadas Internacionais na Natureza promovendo e organizando essas atividades, que acontecem em propriedades rurais, permitindo interação com a natureza e animais. Também contribui para a geração de renda local, permitindo que os produtores vendam produtos diretamente aos turistas. Essas ações fortalecem o turismo rural por meio da extensão da força rural, essencial para a existência das caminhadas.

Você pode ver mais detalhes no vídeo a seguir: https://youtu.be/mxxvhRNuobQ?t=183.",resp_0011332dfca3f2e7006a7556885cf081929d64e742d2310ef7,OK,,16570,"07/08/2026, 00:52:44",TRUE,TRUE,8,"0,8848",023_Caminhadas Internacional na Natureza Extensão Rural como protagonista do turismo.json,RAG confirmado,"Fonte esperada recuperada pelo File Search; resposta coerente com a pergunta, ancorada na transcrição e acompanhada de vídeo/timestamp."
2026-08-07T03:44:40.901Z,24,P024,PRESENTE,"Como a Extensão Rural atuou diante dos impactos das chuvas, cheias e estiagem no Rio Grande do Sul?","Ações da Extensão Rural impactos das chuvas, cheias e estiagem no Rio Grande do Sul","Encontrei essa resposta nas transcrições da Rede Aurora.

A Extensão Rural, através da Emater-RS-Ascar, atuou no Rio Grande do Sul prestando serviços de proteção de fontes de água no meio rural, que se tornam especialmente buscados durante os períodos de estiagem e enchentes. Houve também ações relacionadas ao crédito rural, como subvenções e renegociação de dívidas, embora tenham mencionado a necessidade de mais apoio diante da gravidade dos eventos climáticos. Além disso, promoveu atividades educativas e de conscientização junto às comunidades locais sobre as previsões climáticas e a preparação para eventos extremos.

Você pode ver mais detalhes no vídeo:

https://youtu.be/upu1HEnvGRA?t=677",resp_0e2b5193a2b0d219006a75569b976881a2ad4c752b0724adcb,OK,,17177,"07/08/2026, 00:53:05",TRUE,TRUE,8,"0,7923","024_Ações da Extensão Rural impactos das chuvas, cheias e estiagem no Rio Grande do Sul.json",RAG confirmado,"Fonte esperada recuperada pelo File Search; resposta coerente com a pergunta, ancorada na transcrição e acompanhada de vídeo/timestamp."
2026-08-07T03:44:40.901Z,25,P025,PRESENTE,O que é cidadania alimentar e como ela pode contribuir para a transformação dos sistemas alimentares?,A cidadania alimentar para a transformação dos sistemas alimentares,"Encontrei essa resposta nas transcrições da Rede Aurora.

A cidadania alimentar envolve a participação ativa das pessoas na governança e transformação dos sistemas alimentares. A ideia é que os cidadãos tomem parte no processo de decisão e atuação, ampliando o envolvimento na criação de sistemas mais justos e sustentáveis. Isso significa ver o alimento mais como um valor de uso do que como uma simples mercadoria, enfrentando, assim, desafios globais como a mudança climática e a questão dos imigrantes.

https://youtu.be/sTEJFU7Jmvg?t=2932",resp_07d4f3934e3a999a006a7556b214f4819db012c29a2a06074b,OK,,18547,"07/08/2026, 00:53:27",TRUE,TRUE,8,"0,7078",025_A cidadania alimentar para a transformação dos sistemas alimentares.json,RAG confirmado,"Fonte esperada recuperada pelo File Search; resposta coerente com a pergunta, ancorada na transcrição e acompanhada de vídeo/timestamp."
2026-08-07T03:44:40.901Z,26,P026,PRESENTE,Como a educação em saúde contribui para a prevenção da Cria Pútrida Americana?,A educação em saúde na prevenção da Cria Pútrida Americana,"Encontrei essa resposta nas transcrições da Rede Aurora.

A educação em saúde contribui para a prevenção da Cria Pútrida Americana ao orientar os criadores de abelhas sobre a identificação de sinais da doença e práticas seguras. Boas práticas e orientações adequadas são fundamentais para evitar a entrada da doença nos apiários.

Assista mais em: https://youtu.be/n88jNHcE4bo?t=798",resp_0862e410566e1433006a7556cab0a881a3bc7e0cea744abf4a,OK,,18880,"07/08/2026, 00:53:50",TRUE,TRUE,8,"0,7726",026_A educação em saúde na prevenção da Cria Pútrida Americana.json,RAG confirmado,"Fonte esperada recuperada pelo File Search; resposta coerente com a pergunta, ancorada na transcrição e acompanhada de vídeo/timestamp."
2026-08-07T03:44:40.901Z,27,P027,PRESENTE,Qual foi o balanço da PNATER em 2023 e 2024 apresentado pelo DATER e pelo MDA?,Avaliação do Balanço da PNATER 2023 2024 DATER MDA,"Encontrei essa resposta nas transcrições da Rede Aurora.

Para o balanço da PNATER em 2023, os valores mencionados foram 100 milhões. Em 2024, foram mencionados 80 milhões.

Você pode conferir a explicação completa no vídeo a partir de 5272 segundos:

https://youtu.be/4iSUMoci9JI?t=5272",resp_04c3932f80e3e472006a7556e28858819c8df2b42412d131e4,OK,,19638,"07/08/2026, 00:54:14",TRUE,TRUE,8,"0,786",027_Avaliação do Balanço da PNATER 2023 2024 DATER MDA.json,RAG confirmado,"Fonte esperada recuperada pelo File Search; resposta coerente com a pergunta, ancorada na transcrição e acompanhada de vídeo/timestamp."
2026-08-07T03:44:40.901Z,28,P028,PRESENTE,Quais ações com pessoas com deficiência são realizadas na Extensão Social?,Ações com PCDs na Extensão Social,"Encontrei essa resposta nas transcrições da Rede Aurora.

Na Extensão Social, são realizadas ações de identificação de pessoas com deficiência através de visitas e planejamento de propriedade. O objetivo é entender e abordar as dificuldades enfrentadas por essas pessoas. Além disso, é importante criar situações para discutir questões importantes e responsáveis com esse público.

Assista ao vídeo completo para mais detalhes: https://youtu.be/TnnR_SB41Cc?t=434",resp_0b6fda6340a8691e006a7556f6e85881a1b3f7ea5bc7c3613b,OK,,16167,"07/08/2026, 00:54:33",TRUE,TRUE,8,"0,6912",028_Ações com PCDs na Extensão Social.json,RAG confirmado,"Fonte esperada recuperada pelo File Search; resposta coerente com a pergunta, ancorada na transcrição e acompanhada de vídeo/timestamp."
2026-08-07T03:44:40.901Z,29,P029,PRESENTE,Como o Sistema Asbraer apoia a formação de extensionistas e o uso de tecnologia no campo?,Sistema Asbraer para formação de extensionistas e uso de tecnologia no campo,"Encontrei essa resposta nas transcrições da Rede Aurora.

O Sistema Asbraer apoia a formação de extensionistas usando tecnologia de várias maneiras. Eles fornecem tablets aos técnicos para que possam realizar atendimentos sem o uso de papel. Esses tablets permitem que os técnicos utilizem um sistema que funciona offline e realiza sincronizações periódicas via rede móvel a cada 15 minutos, o que facilita o trabalho em áreas remotas. Além disso, há uma ênfase no uso de internet via satélite para alcançar locais de difícil acesso, como regiões ribeirinhas e quilombolas, garantindo que os extensionistas possam atender as demandas independentemente da localização.

Aqui está o link para o vídeo mencionado:

https://youtu.be/uSUtmuU1awY?t=2485",resp_0cf28f3af5187e75006a75570956708192be52bc7ce7eb2e6b,OK,,18328,"07/08/2026, 00:54:55",TRUE,TRUE,8,"0,8201",029_Sistema Asbraer para formação de extensionistas e uso de tecnologia no campo.json,RAG confirmado,"Fonte esperada recuperada pelo File Search; resposta coerente com a pergunta, ancorada na transcrição e acompanhada de vídeo/timestamp."
2026-08-07T03:44:40.901Z,30,P030,PRESENTE,Como a ATER trabalha com povos tradicionais quilombolas do Rio Grande do Sul?,ATERS com povos tradicionais quilombolas do RS,"Encontrei essa resposta nas transcrições da Rede Aurora.

A ATER (Assistência Técnica e Extensão Rural) trabalha com os povos tradicionais quilombolas no Rio Grande do Sul desde 1999. O foco é dar visibilidade e suporte às comunidades, que possuem uma diversidade de aptidões, como produção agropecuária diversificada e artesanato. Através de colaborações com instituições como o Instituto do Patrimônio Histórico, a ATER participa da patrimonialização dos bens culturais quilombolas da região.

Link para o vídeo: https://youtu.be/2h00rmcaZi0?t=186",resp_0d6fda9eccbf9b4a006a75571fd63c81a1aaf3d03494dc02bf,OK,,19311,"07/08/2026, 00:55:17",TRUE,TRUE,8,"0,701",030_ATERS com povos tradicionais quilombolas do RS.json,RAG confirmado,"Fonte esperada recuperada pelo File Search; resposta coerente com a pergunta, ancorada na transcrição e acompanhada de vídeo/timestamp."
2026-08-07T03:44:40.901Z,31,P031,PRESENTE,Quais são os desafios e as oportunidades da produção orgânica na agricultura familiar?,Desafios e oportunidades da produção orgânica na agricultura familiar,"Encontrei essa resposta nas transcrições da Rede Aurora.

Os desafios na produção orgânica na agricultura familiar incluem a necessidade de muita mão de obra para serviços manuais, já que muitos processos exigem operações manuais intensivas. Além disso, o preço elevado dos insumos pode ser um obstáculo. Há também o desafio de tornar a produção mais conhecida e de lidar com a questão de que a produção orgânica pode ser vista como elitista, o que cria dificuldades de mercado.

Por outro lado, há inúmeras oportunidades, como o incentivo à produção orgânica por meio de maior visibilidade na internet e nas redes sociais.

Link para o vídeo: https://youtu.be/Q_3Ridp-wuw?t=3708",resp_01d1cdc127407a03006a755738b6d8819cad192ef966c2b1e0,OK,,21418,"07/08/2026, 00:55:43",TRUE,TRUE,8,"0,7653",031_Desafios e oportunidades da produção orgânica na agricultura familiar.json,RAG confirmado,"Fonte esperada recuperada pelo File Search; resposta coerente com a pergunta, ancorada na transcrição e acompanhada de vídeo/timestamp."
2026-08-07T03:44:40.901Z,32,P032,PRESENTE,Como a homeopatia é apresentada como ferramenta de saúde e qualidade de vida no campo?,Homeopatia como ferramenta de saúde e qualidade de vida no campo,"Encontrei essa resposta nas transcrições da Rede Aurora.

A homeopatia é apresentada como uma ferramenta para tratar não apenas seres humanos, mas também animais, plantas, solo, água e ar. Tudo o que tem vida pode ser tratado pela homeopatia, que atua como uma ferramenta para reduzir custos e melhorar a qualidade de vida no campo. A abordagem envolve tratamento de diferentes aspectos, incluindo físicos, mentais e emocionais.

Link para o vídeo: https://youtu.be/MCWArS77pK8?t=1291",resp_094081076ea0eba9006a75574eb950819da40a9151dde4ca4e,OK,,14675,"07/08/2026, 00:56:01",TRUE,TRUE,8,"0,8365",032_Homeopatia como ferramenta de saúde e qualidade de vida no campo.json,RAG confirmado,"Fonte esperada recuperada pelo File Search; resposta coerente com a pergunta, ancorada na transcrição e acompanhada de vídeo/timestamp."
2026-08-07T03:44:40.901Z,33,P033,PRESENTE,Quais são as potencialidades e os desafios da Tecnologia da Informação na agricultura familiar?,Tecnologia da Informação e Agricultura Familiar potências e desafios,"Encontrei essa resposta nas transcrições da Rede Aurora.

As potencialidades da Tecnologia da Informação na agricultura familiar incluem a facilitação do acesso à informação e ao conhecimento, a melhoria no gerenciamento das atividades agrícolas e a possibilidade de integração de mercados, o que potencializa a comercialização dos produtos. Além disso, a tecnologia pode ajudar na sustentabilidade e na adaptação às mudanças climáticas.

Os desafios envolvem a necessidade de infraestrutura adequada, como acesso à internet, e a capacitação dos agricultores para utilizarem essas tecnologias de maneira eficaz. Também é essencial considerar o custo de implementação e a resistência à mudança cultural na adoção de novas tecnologias.

https://youtu.be/ppNW5gkBxJo?t=331",resp_0223170e46c748f3006a75576291ec81a39b85fd9991a9d9d2,OK,,15577,"07/08/2026, 00:56:22",TRUE,TRUE,8,"0,69",031_Desafios e oportunidades da produção orgânica na agricultura familiar.json | 033_Tecnologia da Informação e Agricultura Familiar potências e desafios.json,RAG confirmado,"Fonte esperada recuperada e resposta final coerente. O File Search também trouxe um arquivo de outro tema, mas isso não desviou a resposta final."
2026-08-07T03:44:40.901Z,34,P034,PRESENTE,Como as metodologias participativas são aplicadas à Extensão Rural no Semiárido brasileiro?,Metodologias participativas na Extensão Rural no contexto do Semiárido Brasileiro,"Encontrei essa resposta nas transcrições da Rede Aurora.

As metodologias participativas na Extensão Rural no Semiárido brasileiro envolvem a interação efetiva com as comunidades locais, considerando suas especificidades e demandas. O enfoque está em mediar conflitos socioambientais e planejar intervenções sociais e técnicas que se alinhem com as necessidades locais. O processo de participação é valorizado, priorizando a visualização e socialização das discussões. A Extensão Rural é vista como um processo de ensino e aprendizagem contínuo, onde as metodologias participativas ativas desempenham um papel central.

https://youtu.be/aFWfhRy6xg8?t=714",resp_0a643a0494fef3e1006a755776f02881a28bbc2d6ff527bd8d,OK,,16622,"07/08/2026, 00:56:43",TRUE,TRUE,8,"0,808",034_Metodologias participativas na Extensão Rural no contexto do Semiárido Brasileiro.json,RAG confirmado,"Fonte esperada recuperada pelo File Search; resposta coerente com a pergunta, ancorada na transcrição e acompanhada de vídeo/timestamp."
2026-08-07T03:44:40.901Z,35,P035,PRESENTE,Como ocorre a construção do conhecimento em uma ATER feminista e agroecológica no Nordeste do Brasil?,A construção do conhecimento em ATER feminista e agroecológica no Nordeste do Brasil,"Encontrei essa resposta nas transcrições da Rede Aurora.

A construção do conhecimento em uma ATER feminista e agroecológica no Nordeste do Brasil é caracterizada por uma abordagem coletiva e conectada em rede. O projeto busca entender a necessidade de uma ATER feminista por meio de ações qualificadas. Isso é essencial porque desafia a lógica patriarcal frequentemente reproduzida nas políticas públicas. A ideia do projeto desde o início foi criada de maneira colaborativa, com reuniões e seminários que ajudam a formar esse conhecimento compartilhado.

https://youtu.be/XSO6Yjk2Xxo?t=263",resp_0426e908e5fe06a3006a75578edad481a19f1cb8eecc0aa037,OK,,17869,"07/08/2026, 00:57:06",TRUE,TRUE,8,"0,7859",035_A construção do conhecimento em ATER feminista e agroecológica no Nordeste do Brasil.json,RAG confirmado,"Fonte esperada recuperada pelo File Search; resposta coerente com a pergunta, ancorada na transcrição e acompanhada de vídeo/timestamp."
2026-08-07T03:44:40.901Z,36,P036,PRESENTE,"Como o plano de vida rural, a ATER Digital e os negócios de impacto socioambiental se relacionam?",Plano de vida rural ATER digital e inovações em negócios de impacto socioambiental,"Encontrei essa resposta nas transcrições da Rede Aurora.

O plano de vida rural, a ATER Digital e os negócios de impacto socioambiental se relacionam através da implementação de tecnologias e práticas sustentáveis que visam melhorar a qualidade de vida dos produtores rurais e promover a sustentabilidade ambiental e social. A ATER Digital faz uso de aplicativos móveis para oferecer assistência técnica e extensão rural, enquanto os negócios de impacto socioambiental buscam criar valor econômico ao mesmo tempo que preservam o meio ambiente e promovem o bem-estar social. Esses elementos se unem para encorajar a permanência dos jovens no campo, garantindo sucessão rural e um desenvolvimento agrícola sustentável.

Você pode assistir ao vídeo completo aqui: https://youtu.be/kbojPeBY1js?t=1742",resp_000679d483e3df1d006a7557a289588191bea78f56d38bc52e,OK,,17184,"07/08/2026, 00:57:27",TRUE,TRUE,8,"0,8209",036_Plano de vida rural ATER digital e inovações em negócios de impacto socioambiental.json,RAG confirmado,"Fonte esperada recuperada pelo File Search; resposta coerente com a pergunta, ancorada na transcrição e acompanhada de vídeo/timestamp."
2026-08-07T03:44:40.901Z,37,P037,PRESENTE,Como foi a experiência de uma ATER de qualidade durante a pandemia?,Experiência de ater de qualidade na pandemia,"Encontrei essa resposta nas transcrições da Rede Aurora.

Durante a pandemia, a experiência de ATER de qualidade teve que se adaptar significativamente. Diego Adilio da Silva, da EPAGRI-SC, mencionou que, mesmo com diversos percalços, o ritmo não diminuiu. Realizaram ao menos uma live por semana e estabeleceram rotinas quase como um programa semanal com horário e dia certos para se encontrar com os produtores. Isso permitiu uma continuidade no suporte aos agricultores, utilizando o formato online como complementação ao trabalho de campo.

Para mais detalhes, você pode assistir ao vídeo completo aqui: https://youtu.be/DEs45k8vcoA?t=1024",resp_0a2b292830db00f6006a7557b7619c81a2a3361acacd2d9a20,OK,,16691,"07/08/2026, 00:57:47",TRUE,TRUE,8,"0,6737",037_Experiência de ater de qualidade na pandemia.json,RAG confirmado,"Fonte esperada recuperada pelo File Search; resposta coerente com a pergunta, ancorada na transcrição e acompanhada de vídeo/timestamp."
2026-08-07T03:44:40.901Z,38,P038,PRESENTE,Quais disputas envolvem a continuidade ou o fim da Extensão Rural pública?,Continuidade ou fim da Extensão Rural pública Um cenário de disputas,"Encontrei essa resposta nas transcrições da Rede Aurora.

As disputas em torno da continuidade ou do fim da Extensão Rural pública envolvem diversos fatores. Um aspecto central é a crítica à abordagem difusionista que tem sido utilizada, além de questões sobre a sobreposição de ações nos territórios. Há também um debate interno dentro das entidades de Extensão Rural pública sobre o papel e a existência dessas instituições. Desde a perspectiva das entidades estaduais, como a EMATER, há um reconhecimento de sua importância como uma política pública que proporciona alcance a outras políticas para o meio rural.

Para mais detalhes, você pode assistir ao vídeo completo:

https://youtu.be/_M9K_iyyZlE?t=685",resp_0b873b12863680a5006a7557ccf4bc819fad538b5036c7e19f,OK,,18649,"07/08/2026, 00:58:09",TRUE,TRUE,8,"0,7537",038_Continuidade ou fim da Extensão Rural pública Um cenário de disputas.json,RAG confirmado,"Fonte esperada recuperada pelo File Search; resposta coerente com a pergunta, ancorada na transcrição e acompanhada de vídeo/timestamp."
2026-08-07T03:44:40.901Z,39,P039,PRESENTE,Como a Escola Família Agrícola contribui para o desenvolvimento do campo?,A Escola Família Agrícola e sua contribuição para o desenvolvimento do Campo,"Encontrei essa resposta nas transcrições da Rede Aurora.

A Escola Família Agrícola contribui para o desenvolvimento do campo ao oferecer cursos técnicos, como o de fruticultura, que podem ser realizados à distância. Isso permite que os agricultores façam os cursos diretamente de suas propriedades, enfrentando os desafios inerentes ao processo de educação à distância.

Você pode assistir ao vídeo completo aqui: https://youtu.be/pA6XEW9vmIs?t=5696.",resp_089336495ece3067006a7557e334e4819189bdc4c9a429d00e,OK,,18610,"07/08/2026, 00:58:30",TRUE,TRUE,8,"0,7288",039_A Escola Família Agrícola e sua contribuição para o desenvolvimento do Campo.json,RAG confirmado,"Fonte esperada recuperada pelo File Search; resposta coerente com a pergunta, ancorada na transcrição e acompanhada de vídeo/timestamp."
2026-08-07T03:44:40.901Z,40,P040,PRESENTE,Qual é o impacto das ferramentas digitais nas ações de extensão?,Ações de extensão e o impacto das ferramentas digitais,"Encontrei essa resposta nas transcrições da Rede Aurora.

As ferramentas digitais impactaram significativamente as ações de extensão, especialmente durante períodos em que o acesso presencial a produtores foi restrito. Essas tecnologias permitiram manter a comunicação e a realização de ações de extensão através de meios digitais, o que antes era feito principalmente por visitas. Os grupos de jovens, por exemplo, puderam se manter ativos por meio de atividades focadas em lazer e esporte, com a utilização de ferramentas digitais para produção de conteúdo e interações, como demonstrado pelo número significativo de seguidores e interações nas redes sociais.

Link para o vídeo: https://youtu.be/xxLctM8UBNQ?t=810",resp_012997f9f8335b8d006a7557f7ff7481a0a6458fca9d9e40e7,OK,,18521,"07/08/2026, 00:58:52",TRUE,TRUE,8,"0,6811",040_Ações de extensão e o impacto das ferramentas digitais.json,RAG confirmado,"Fonte esperada recuperada pelo File Search; resposta coerente com a pergunta, ancorada na transcrição e acompanhada de vídeo/timestamp."
2026-08-07T03:44:40.901Z,41,P041,PRESENTE,"Na relação entre ATER, ferramentas digitais e agricultura familiar, quem controla quem?","Ater, ferramentas digitais e agricultura familiar quem controla quem","Encontrei essa resposta nas transcrições da Rede Aurora.

Na discussão sobre a relação entre ATER, ferramentas digitais e agricultura familiar, a ênfase é colocada em como essas tecnologias servem para facilitar a interação e o trabalho entre seres humanos e a natureza, mediado pelo trabalho humano. As ferramentas digitais são vistas como auxiliadoras, melhorando essa relação ao aumentar o fluxo de informações e apoiar a tomada de decisões. Portanto, não se trata de controle, mas de um uso colaborativo dessas ferramentas para aprimorar práticas agrícolas.

https://youtu.be/NxppqHQeXeA?t=1860",resp_012246fbc789844f006a75580feae481a2afba1b430b1b0701,OK,,21595,"07/08/2026, 00:59:17",TRUE,TRUE,8,"0,7729","041_Ater, ferramentas digitais e agricultura familiar quem controla quem.json",RAG confirmado,"Fonte esperada recuperada pelo File Search; resposta coerente com a pergunta, ancorada na transcrição e acompanhada de vídeo/timestamp."
2026-08-07T03:44:40.901Z,42,P042,PRESENTE,Qual é a relação entre agroecologia e construção do conhecimento na agricultura familiar?,A Agroecologia e o conhecimento na Agricultura Familiar,"Encontrei essa resposta nas transcrições da Rede Aurora.

A relação entre agroecologia e a construção do conhecimento na agricultura familiar é baseada em uma construção dialógica e participativa. Esse conhecimento é realizado coletivamente, integrando experiências práticas de agricultores e o intercâmbio de ideias entre diferentes atores do sistema agroecológico. A abordagem agroecológica valoriza o saber local acumulado ao longo de gerações e promove a articulação entre conhecimentos tradicionais e científicos. Essa construção de conhecimento é fundamental para promover sistemas de produção sustentáveis e adaptados às especificidades de cada ecossistema.

https://youtu.be/QHUf2v0mvxU?t=4296",resp_027a0e22cb10d317006a755824a8e8819c98d90123cb94d16a,OK,,15950,"07/08/2026, 00:59:37",TRUE,TRUE,8,"0,7283",042_A Agroecologia e o conhecimento na Agricultura Familiar.json,RAG confirmado,"Fonte esperada recuperada pelo File Search; resposta coerente com a pergunta, ancorada na transcrição e acompanhada de vídeo/timestamp."
2026-08-07T03:44:40.901Z,43,P043,PRESENTE,Como as famílias de agricultores se apropriam do telefone celular na rua e na roça?,"Tem na rua, tem na roça a apropriação do telefone celular pelas famílias de agricultores","Encontrei essa resposta nas transcrições da Rede Aurora. 

As famílias de agricultores se apropriam do telefone celular de várias maneiras. Os adultos utilizam o celular nas dinâmicas das atividades cotidianas, refletindo uma interação complexa entre hábitos, cultura, contextos sociais e necessidades individuais. Os jovens, por sua vez, frequentemente adotam um hábito tecnológico diário, ajustando a rotina à apropriação tecnológica do celular. A presença do celular é integrada às peculiaridades locais e direcionada para a realidade específica de cada município, facilitando tarefas como pagamento de boletos e acesso à inclusão digital.

Você pode acessar o vídeo completo aqui: [https://youtu.be/l9VforaCiXY?t=1658](https://youtu.be/l9VforaCiXY?t=1658).",resp_04aa2b6bb7e25fff006a755842cc4481a288a20049bce029e0,OK,,18413,"07/08/2026, 01:00:07",TRUE,TRUE,8,"0,8038","043_Tem na rua, tem na roça a apropriação do telefone celular pelas famílias de agricultores.json",RAG confirmado,"Fonte esperada recuperada; resposta coerente e com timestamp. Ressalva de apresentação: o link foi devolvido em Markdown, diferente do padrão de URL simples definido para o bot."
2026-08-07T03:44:40.901Z,44,P044,PRESENTE,Quais são os parâmetros da ATER Digital no Brasil?,Parâmetros da ATER Digital no Brasil,"Encontrei essa resposta nas transcrições da Rede Aurora.

Os parâmetros da ATER Digital no Brasil destacam que as tecnologias de informação e comunicação são fundamentais e imprescindíveis para o processo. Elas estão integradas ao ambiente digital e remoto de forma a garantir a efetividade dos serviços prestados no campo.

Você pode conferir mais detalhes no vídeo completo: [Parâmetros da ATER Digital no Brasil](https://youtu.be/x5Itz6OJuoY?t=2353).",resp_0e56a8939e6fbb46006a755860e678819fbca476f8f6d69093,OK,,28391,"07/08/2026, 01:00:40",TRUE,TRUE,8,"0,6591",044_Parâmetros da ATER Digital no Brasil.json,RAG confirmado,"Fonte esperada recuperada; resposta coerente e com timestamp. Ressalva de apresentação: o link foi devolvido em Markdown, diferente do padrão de URL simples definido para o bot."
2026-08-07T03:44:40.901Z,45,P045,PRESENTE,Como a história da Extensão Rural Social ajuda a pensar suas perspectivas futuras?,História e perspectivas futuras da Extensão Rural Social,"Encontrei essa resposta nas transcrições da Rede Aurora. 

A história da Extensão Rural Social é fundamental para pensar suas perspectivas futuras, pois ela destaca a importância da abordagem integrada e da articulação com diversos setores, como universidades e movimentos sociais. Luana Lucas Alves, da EMATER-RS-ASCAR, enfatiza a necessidade de enfrentar as mudanças climáticas e injustiças associadas, além de promover um consumo politizado e estratégias de desenvolvimento sustentável. Ela também ressalta a importância de pensar em formas alternativas de produção que estejam alinhadas com a nutrição e a saúde.

Aqui está o link para o vídeo correspondente:

https://youtu.be/Uq5629k-rz0?t=3602",resp_016e1a50a4b2db16006a75587c366481a1bfdd498f3b6212f3,OK,,20191,"07/08/2026, 01:01:05",TRUE,TRUE,8,"0,7966",045_História e perspectivas futuras da Extensão Rural Social.json,RAG confirmado,"Fonte esperada recuperada pelo File Search; resposta coerente com a pergunta, ancorada na transcrição e acompanhada de vídeo/timestamp."
2026-08-07T03:44:40.901Z,46,P046,PRESENTE,"O que é a iniciativa Lamparina e como ela relaciona tecnologia digital, violência e mulheres rurais?","Lamparina tecnologia digital, violência e mulheres rurais","Encontrei essa resposta nas transcrições da Rede Aurora.

A iniciativa Lamparina busca problematizar o acesso desigual à internet e dispositivos móveis entre mulheres rurais. A proposta envolve a produção de dados para abordar desigualdades digitais e está voltada especificamente para a melhoria das condições de mulheres rurais. A iniciativa também procura estabelecer uma conexão entre tecnologia digital e mecanismos de combate à violência, promovendo um ambiente de suporte e melhoria das condições de vida dessas mulheres.

Assista ao vídeo completo aqui: https://youtu.be/MrYhdEQxbBo?t=304",resp_032b57285d60c8ef006a75589274a88191af88367b31b0fdd7,OK,,17668,"07/08/2026, 01:01:28",TRUE,TRUE,8,"0,6262","046_Lamparina tecnologia digital, violência e mulheres rurais.json",RAG confirmado,"Fonte esperada recuperada pelo File Search; resposta coerente com a pergunta, ancorada na transcrição e acompanhada de vídeo/timestamp."
2026-08-07T03:44:40.901Z,47,P047,PRESENTE,Quais conteúdos e ferramentas a Plataforma ATER+ Digital oferece a extensionistas e agricultores?,Plataforma Ater+ Digital conteúdos e ferramentas para extensionistas e agricultores,"Encontrei essa resposta nas transcrições da Rede Aurora.

A Plataforma ATER+ Digital oferece conteúdos e ferramentas que incluem a metodologia de ensino e aprendizagem para extensionistas e técnicos do campo. A plataforma tem um aplicativo de celular utilizado pelos agricultores, que permite acesso às informações de forma semanal e facilita a implantação e acompanhamento dos conteúdos.

Essas informações visam apoiar tanto os extensionistas quanto os agricultores em suas atividades diárias e facilitar o acesso a conteúdos relevantes para melhorar sua atuação no campo.

Você pode assistir mais sobre isso no vídeo usando o link: https://youtu.be/tjCtdJCjyYI?t=3486.",resp_05a7e880900bf245006a7558abf318819da6073fe4ba96da55,OK,,20150,"07/08/2026, 01:01:54",TRUE,TRUE,8,"0,799",047_Plataforma Ater+ Digital conteúdos e ferramentas para extensionistas e agricultores.json,RAG confirmado,"Fonte esperada recuperada pelo File Search; resposta coerente com a pergunta, ancorada na transcrição e acompanhada de vídeo/timestamp."
2026-08-07T03:44:40.901Z,48,P048,PRESENTE,Como ocorre a adoção e a difusão da agricultura digital entre produtores rurais?,Agricultura digital adoção e difusão entre produtores rurais,"Encontrei essa resposta nas transcrições da Rede Aurora.

A adoção e difusão da agricultura digital entre produtores rurais se dá através da utilização de softwares para gestão de propriedades, que é mais comum em fazendas de maior tamanho, geralmente a partir de 100 hectares. Os agricultores têm consciência dos benefícios da agricultura digital e desejam digitalizar suas atividades. No entanto, a adoção varia bastante, com um maior uso sendo observado em regiões como o Centro-Oeste do Brasil. A evolução da agricultura digital é vista como um caminho sem volta no meio rural, com a percepção de que novas tecnologias disruptivas estão sendo integradas continuamente.

Referência do vídeo: https://youtu.be/3JPJJiV7FyM?t=2624",resp_0882e46af5be6e51006a7558c646908192bfb51c0b7b163371,OK,,18502,"07/08/2026, 01:02:18",TRUE,TRUE,8,"0,6625",048_Agricultura digital adoção e difusão entre produtores rurais.json,RAG confirmado,"Fonte esperada recuperada pelo File Search; resposta coerente com a pergunta, ancorada na transcrição e acompanhada de vídeo/timestamp."
2026-08-07T03:44:40.901Z,49,P049,PRESENTE,O que é o ÉdoCampo e como ele favorece a comercialização on-line de produtos rurais?,ÉdoCampo – uma oportunidade para a comercialização on line de produtos rurais,"Encontrei essa resposta nas transcrições da Rede Aurora.

O ÉdoCampo é um marketplace que facilita a comercialização online de produtos rurais, permitindo que os consumidores façam uma única compra de produtos de diferentes produtores. Ele funciona de forma similar a outros marketplaces, onde é possível colocar itens de vários produtores no carrinho e efetuar um único pagamento. Além disso, o vendedor recebe o pagamento diretamente através de uma conta digital, facilitando a gestão financeira para os produtores.

https://youtu.be/9Bhifd-NixA?t=1107",resp_0dff596476a7b74b006a7558db1c7081a1824f17b266a69d24,OK,,17225,"07/08/2026, 01:02:39",TRUE,TRUE,8,"0,6609",049_ÉdoCampo – uma oportunidade para a comercialização on line de produtos rurais.json,RAG confirmado,"Fonte esperada recuperada pelo File Search; resposta coerente com a pergunta, ancorada na transcrição e acompanhada de vídeo/timestamp."
2026-08-07T03:44:40.901Z,50,P050,PRESENTE,O que a análise de usabilidade dos portais de órgãos públicos de ATER Digital identificou?,Análise da usabilidade de portais de internet de órgãos públicos de ATER digital,"Encontrei essa resposta nas transcrições da Rede Aurora.

A análise de usabilidade dos portais de órgãos públicos de ATER Digital identificou que, em geral, existe uma boa aplicação das heurísticas de usabilidade. No entanto, foram apontados pontos que podem ser melhorados para aprimorar a experiência do usuário. A visibilidade do status do sistema nos portais é considerada boa na maioria dos estados analisados, mas a abundância de informações e imagens pode dificultar a localização de informações específicas pelos usuários.

https://youtu.be/mO31S3AHyYY?t=2931",resp_04bc366d71b5d4f8006a7558f3a1e881a1af7fd757aa480262,OK,,21327,"07/08/2026, 01:03:04",TRUE,TRUE,8,"0,8064",050_Análise da usabilidade de portais de internet de órgãos públicos de ATER digital.json,RAG confirmado,"Fonte esperada recuperada pelo File Search; resposta coerente com a pergunta, ancorada na transcrição e acompanhada de vídeo/timestamp."
2026-08-07T03:44:40.901Z,51,A001,AUSENTE,Qual é a capital da Islândia?,"Islândia, Reykjavík","Não encontrei essa resposta nas transcrições da Rede Aurora. A resposta abaixo utiliza conhecimento externo.

A capital da Islândia é Reykjavík.",resp_014bc4309ec921b1006a7559061dc48191aff01e034f907022,OK,,12374,"07/08/2026, 01:03:20",TRUE,FALSE,0,0,,Conhecimento externo,Corretamente informou que a resposta não foi encontrada nas transcrições e utilizou conhecimento externo. O File Search não retornou resultados acima do limiar configurado.
2026-08-07T03:44:40.901Z,52,A002,AUSENTE,Quem descobriu a penicilina?,"penicilina, Alexander Fleming","Não encontrei essa resposta nas transcrições da Rede Aurora. A resposta abaixo utiliza conhecimento externo.

A penicilina foi descoberta por Alexander Fleming em 1928. Ele observou que uma substância produzida pelo fungo Penicillium notatum era capaz de matar bactérias.",resp_0896c4ffbc65e1a4006a755916e0ac81a1800079316ceba0d8,OK,,14107,"07/08/2026, 01:03:37",TRUE,FALSE,0,0,,Conhecimento externo,Corretamente informou que a resposta não foi encontrada nas transcrições e utilizou conhecimento externo. O File Search não retornou resultados acima do limiar configurado.
2026-08-07T03:44:40.901Z,53,A003,AUSENTE,Quem escreveu Dom Quixote?,"Dom Quixote, Miguel de Cervantes","Não encontrei essa resposta nas transcrições da Rede Aurora. A resposta abaixo utiliza conhecimento externo.

Dom Quixote foi escrito por Miguel de Cervantes.",resp_09237c570e18fe5f006a7559276ca4819d8946038257412f67,OK,,12436,"07/08/2026, 01:03:54",TRUE,FALSE,0,0,,Conhecimento externo,Corretamente informou que a resposta não foi encontrada nas transcrições e utilizou conhecimento externo. O File Search não retornou resultados acima do limiar configurado.
2026-08-07T03:44:40.901Z,54,A004,AUSENTE,Quem formulou a teoria da relatividade?,"teoria da relatividade, Albert Einstein","Não encontrei essa resposta nas transcrições da Rede Aurora. A resposta abaixo utiliza conhecimento externo.

A teoria da relatividade foi formulada por Albert Einstein. Ela compreende a relatividade restrita, apresentada em 1905, e a relatividade geral, publicada em 1915.",resp_0a8af3350576e93a006a755937ff8c81918eef3b811b784e98,OK,,13045,"07/08/2026, 01:04:10",TRUE,FALSE,0,0,,Conhecimento externo,Corretamente informou que a resposta não foi encontrada nas transcrições e utilizou conhecimento externo. O File Search não retornou resultados acima do limiar configurado.
2026-08-07T03:44:40.901Z,55,A005,AUSENTE,Qual é o ponto mais profundo dos oceanos?,"Fossa das Marianas, Challenger Deep","Não encontrei essa resposta nas transcrições da Rede Aurora. A resposta abaixo utiliza conhecimento externo.

O ponto mais profundo dos oceanos é a Fossa das Marianas, localizada no Oceano Pacífico. O local mais profundo dessa fossa é conhecido como Challenger Deep, que atinge aproximadamente 11.034 metros abaixo do nível do mar.",resp_01fe1254ea362ee1006a75594879c481a1aeb602e70e327565,OK,,13612,"07/08/2026, 01:04:27",TRUE,FALSE,0,0,,Conhecimento externo,Corretamente informou que a resposta não foi encontrada nas transcrições e utilizou conhecimento externo. O File Search não retornou resultados acima do limiar configurado.
2026-08-07T03:44:40.901Z,56,A006,AUSENTE,Quem pintou a Mona Lisa?,"Mona Lisa, Leonardo da Vinci","Não encontrei essa resposta nas transcrições da Rede Aurora. A resposta abaixo utiliza conhecimento externo.

A Mona Lisa foi pintada por Leonardo da Vinci.",resp_0e2758d5de59a237006a755958ba6c81a391a99892fc7d7d43,OK,,12815,"07/08/2026, 01:04:43",TRUE,FALSE,0,0,,Conhecimento externo,Corretamente informou que a resposta não foi encontrada nas transcrições e utilizou conhecimento externo. O File Search não retornou resultados acima do limiar configurado.
2026-08-07T03:44:40.901Z,57,A007,AUSENTE,Quem escreveu Hamlet?,"Hamlet, William Shakespeare","Não encontrei essa resposta nas transcrições da Rede Aurora. A resposta abaixo utiliza conhecimento externo.

""Hamlet"" foi escrito por William Shakespeare.",resp_001e6985d534ac18006a75596acc1481a286fc2114e38dd2b5,OK,,13495,"07/08/2026, 01:05:01",TRUE,FALSE,0,0,,Conhecimento externo,Corretamente informou que a resposta não foi encontrada nas transcrições e utilizou conhecimento externo. O File Search não retornou resultados acima do limiar configurado.
2026-08-07T03:44:40.901Z,58,A008,AUSENTE,O que afirma o teorema de Pitágoras?,"teorema de Pitágoras, Pitágoras","Não encontrei essa resposta nas transcrições da Rede Aurora. A resposta abaixo utiliza conhecimento externo.

O teorema de Pitágoras afirma que, em um triângulo retângulo, o quadrado do comprimento da hipotenusa é igual à soma dos quadrados dos comprimentos dos catetos. Em termos matemáticos, se \(c\) é a hipotenusa e \(a\) e \(b\) são os catetos, então \(c^2 = a^2 + b^2\).",resp_07913fa788687af7006a75597cb170819c9ee7037f3f5677a5,OK,,14988,"07/08/2026, 01:05:20",TRUE,FALSE,0,0,,Conhecimento externo,Corretamente informou que a resposta não foi encontrada nas transcrições e utilizou conhecimento externo. O File Search não retornou resultados acima do limiar configurado.
2026-08-07T03:44:40.901Z,59,A009,AUSENTE,O que é a sequência de Fibonacci?,Fibonacci,"Não encontrei essa resposta nas transcrições da Rede Aurora. A resposta abaixo utiliza conhecimento externo.

A sequência de Fibonacci é uma série de números onde cada número é a soma dos dois anteriores. Começa com 0 e 1, e os termos seguintes se desenvolvem assim: 0, 1, 1, 2, 3, 5, 8, 13, 21, etc. Esta sequência foi introduzida na matemática ocidental por Leonardo de Pisa, também conhecido como Fibonacci, por volta do século XIII. A sequência é famosa por suas propriedades matemáticas e suas relações com proporções naturais e fenomenais.",resp_0efa5049a6a7efe0006a755990378481a388ece9a55eb0851c,OK,,16551,"07/08/2026, 01:05:39",TRUE,FALSE,0,0,,Conhecimento externo,Corretamente informou que a resposta não foi encontrada nas transcrições e utilizou conhecimento externo. O File Search não retornou resultados acima do limiar configurado.
2026-08-07T03:44:40.901Z,60,A010,AUSENTE,Para que serve o telescópio espacial Hubble?,Hubble,"Não encontrei essa resposta nas transcrições da Rede Aurora. A resposta abaixo utiliza conhecimento externo.

O telescópio espacial Hubble é um observatório espacial que foi lançado em 1990 pela NASA. Ele serve para observar o universo em diversas faixas do espectro eletromagnético, principalmente no visível, ultravioleta e infravermelho próximo. O Hubble tem como objetivos principais:

1. Estudar a formação e evolução das galáxias.
2. Observar estrelas e planetas fora do nosso sistema solar.
3. Investigar fenômenos cósmicos, como buracos negros e explosões de supernovas.
4. Ajudar a determinar a taxa de expansão do universo, contribuindo para a compreensão de conceitos como a energia escura.

O Hubble tem sido crucial para muitas descobertas científicas, oferecendo imagens detalhadas do espaço e permitindo avanços significativos na astronomia.",resp_0d3c4cf1e2d82eef006a7559a29c7081a2b7f1b57bf44d6414,OK,,17380,"07/08/2026, 01:06:00",TRUE,FALSE,0,0,,Conhecimento externo,Corretamente informou que a resposta não foi encontrada nas transcrições e utilizou conhecimento externo. O File Search não retornou resultados acima do limiar configurado.
2026-08-07T03:44:40.901Z,61,A011,AUSENTE,Por que Plutão deixou de ser classificado como planeta?,Plutão,"Não encontrei essa resposta nas transcrições da Rede Aurora. A resposta abaixo utiliza conhecimento externo.

Plutão deixou de ser classificado como um planeta em 2006 devido a uma decisão da União Astronômica Internacional (UAI). A definição de ""planeta"" foi revisada, exigindo que um planeta deve:

1. Estar em órbita ao redor do Sol.
2. Ter massa suficiente para ser arredondado pela sua própria gravidade.
3. Ter ""limpado"" a vizinhança ao redor da sua órbita.

Plutão atende aos dois primeiros critérios, mas não ao terceiro, pois sua órbita é compartilhada com outros objetos no Cinturão de Kuiper. Portanto, ele foi reclassificado como um ""planeta anão"".",resp_09269a28e29eb452006a7559b999948191b7195c518ee4cd0c,OK,,18145,"07/08/2026, 01:06:22",TRUE,FALSE,0,0,,Conhecimento externo,Corretamente informou que a resposta não foi encontrada nas transcrições e utilizou conhecimento externo. O File Search não retornou resultados acima do limiar configurado.
2026-08-07T03:44:40.901Z,62,A012,AUSENTE,Quais são os principais anéis de Saturno?,Saturno,"Não encontrei essa resposta nas transcrições da Rede Aurora. A resposta abaixo utiliza conhecimento externo.

Os principais anéis de Saturno são:

1. **Anel D**: O anel mais interno, muito tênue.
2. **Anel C**: Também conhecido como ""anel crepe"", está próximo ao Anel B.
3. **Anel B**: O mais largo e brilhante dos anéis.
4. **Anel A**: Está separado do Anel B pela Divisão de Cassini, uma lacuna clara.
5. **Anel F**: Um anel estreito e dinâmico logo fora do Anel A com características complexas.
6. **Anéis G e E**: Mais externos e menos visíveis, com o Anel E sendo o mais largo mas muito difuso.",resp_0799a0503088ce6d006a7559cfffd0819299ab99c5e0c37e66,OK,,17529,"07/08/2026, 01:06:43",TRUE,FALSE,0,0,,Conhecimento externo,Corretamente informou que a resposta não foi encontrada nas transcrições e utilizou conhecimento externo. O File Search não retornou resultados acima do limiar configurado.
2026-08-07T03:44:40.901Z,63,A013,AUSENTE,Quais são as duas luas de Marte?,"Fobos, Deimos","Não encontrei essa resposta nas transcrições da Rede Aurora. A resposta abaixo utiliza conhecimento externo.

As duas luas de Marte são Fobos e Deimos.",resp_01cc0657897998a1006a7559e38acc819299584e79b9d1ccf5,OK,,16304,"07/08/2026, 01:07:03",TRUE,FALSE,0,0,,Conhecimento externo,Corretamente informou que a resposta não foi encontrada nas transcrições e utilizou conhecimento externo. O File Search não retornou resultados acima do limiar configurado.
2026-08-07T03:44:40.901Z,64,A014,AUSENTE,Qual é a função das mitocôndrias?,mitocôndrias,"Não encontrei essa resposta nas transcrições da Rede Aurora. A resposta abaixo utiliza conhecimento externo.

As mitocôndrias são organelas encontradas na maioria das células eucarióticas. Elas são conhecidas como as ""usinas de energia"" da célula, pois são responsáveis pela produção de ATP (adenosina trifosfato) através do processo de respiração celular. O ATP é a principal fonte de energia para a maioria das atividades celulares. Além disso, as mitocôndrias têm um papel importante em outros processos, como a sinalização celular, a diferenciação celular, a morte celular programada (apoptose) e o controle do ciclo celular e do crescimento celular.",resp_0b3794058d0d60cd006a7559f88ff881a3be2fd97a78772a22,OK,,17068,"07/08/2026, 01:07:24",TRUE,FALSE,0,0,,Conhecimento externo,Corretamente informou que a resposta não foi encontrada nas transcrições e utilizou conhecimento externo. O File Search não retornou resultados acima do limiar configurado.
2026-08-07T03:44:40.901Z,65,A015,AUSENTE,Quem propôs o modelo da dupla hélice do DNA?,"dupla hélice, Watson, Crick","Não encontrei essa resposta nas transcrições da Rede Aurora. A resposta abaixo utiliza conhecimento externo.

O modelo da dupla hélice do DNA foi proposto por James Watson e Francis Crick em 1953.",resp_0d725068dc7f9e1c006a755a09dfb4819fa7f99491d8be3ae0,OK,,13073,"07/08/2026, 01:07:40",TRUE,FALSE,0,0,,Conhecimento externo,Corretamente informou que a resposta não foi encontrada nas transcrições e utilizou conhecimento externo. O File Search não retornou resultados acima do limiar configurado.
2026-08-07T03:44:40.901Z,66,A016,AUSENTE,Onde fica a Grande Barreira de Corais?,Grande Barreira de Corais,"Não encontrei essa resposta nas transcrições da Rede Aurora. A resposta abaixo utiliza conhecimento externo.

A Grande Barreira de Corais está localizada na costa nordeste da Austrália, no Mar de Coral. É a maior estrutura de recifes de coral do mundo e um patrimônio mundial da UNESCO.",resp_0e706c748f616a7d006a755a19f5d081a19cfa0c8e119e0f96,OK,,14643,"07/08/2026, 01:07:58",TRUE,FALSE,0,0,,Conhecimento externo,Corretamente informou que a resposta não foi encontrada nas transcrições e utilizou conhecimento externo. O File Search não retornou resultados acima do limiar configurado.
2026-08-07T03:44:40.901Z,67,A017,AUSENTE,Onde fica o deserto do Saara?,deserto do Saara,"Não encontrei essa resposta nas transcrições da Rede Aurora. A resposta abaixo utiliza conhecimento externo.

O deserto do Saara está localizado no norte da África. Ele abrange partes de vários países, incluindo Argélia, Chade, Egito, Líbia, Mali, Mauritânia, Marrocos, Níger, Sudão e Tunísia. O Saara é o maior deserto quente do mundo.",resp_0f11bcaab2c358ad006a755a2cc50081a39b0e198cf2395a72,OK,,14182,"07/08/2026, 01:08:16",TRUE,FALSE,0,0,,Conhecimento externo,Corretamente informou que a resposta não foi encontrada nas transcrições e utilizou conhecimento externo. O File Search não retornou resultados acima do limiar configurado.
2026-08-07T03:44:40.901Z,68,A018,AUSENTE,Quem construiu o Taj Mahal?,Taj Mahal,"Não encontrei essa resposta nas transcrições da Rede Aurora. A resposta abaixo utiliza conhecimento externo.

O Taj Mahal foi construído pelo imperador Mughal Shah Jahan em memória de sua esposa Mumtaz Mahal. A construção começou em 1632 e foi concluída em 1653.",resp_042448c54f901737006a755a3e639c819dba77961d96c4582d,OK,,14513,"07/08/2026, 01:08:33",TRUE,FALSE,0,0,,Conhecimento externo,Corretamente informou que a resposta não foi encontrada nas transcrições e utilizou conhecimento externo. O File Search não retornou resultados acima do limiar configurado.
2026-08-07T03:44:40.901Z,69,A019,AUSENTE,Em qual país fica Machu Picchu?,Machu Picchu,"Não encontrei essa resposta nas transcrições da Rede Aurora. A resposta abaixo utiliza conhecimento externo.

Machu Picchu fica no Peru.",resp_0c0d7505e3943973006a755a4e92ec81a28394c85d3729d30a,OK,,13479,"07/08/2026, 01:08:50",TRUE,FALSE,0,0,,Conhecimento externo,Corretamente informou que a resposta não foi encontrada nas transcrições e utilizou conhecimento externo. O File Search não retornou resultados acima do limiar configurado.
2026-08-07T03:44:40.901Z,70,A020,AUSENTE,Quando foi construída a Grande Muralha da China?,Grande Muralha da China,"Não encontrei essa resposta nas transcrições da Rede Aurora. A resposta abaixo utiliza conhecimento externo.

A construção da Grande Muralha da China começou no século III a.C., durante o reinado do primeiro imperador da China, Qin Shi Huang. Mais tarde, ela foi ampliada e reforçada por várias dinastias subsequentes, particularmente a Dinastia Ming (1368–1644).",resp_0647286aa158bfe6006a755a607d2c81a19d24549781362555,OK,,14340,"07/08/2026, 01:09:07",TRUE,FALSE,0,0,,Conhecimento externo,Corretamente informou que a resposta não foi encontrada nas transcrições e utilizou conhecimento externo. O File Search não retornou resultados acima do limiar configurado.
2026-08-07T03:44:40.901Z,71,A021,AUSENTE,Para que serviam as pirâmides de Gizé?,pirâmides de Gizé,"Não encontrei essa resposta nas transcrições da Rede Aurora. A resposta abaixo utiliza conhecimento externo.

As pirâmides de Gizé, localizadas no Egito, eram principalmente túmulos monumentais construídos durante o Antigo Reino. Elas serviam como locais de sepultamento para faraós, sendo parte importante de um complexo maior que incluía templos e outros edifícios religiosos. As pirâmides simbolizavam o poder e a divindade dos faraós, além de acreditar-se que ajudavam na transição para a vida após a morte, garantindo a imortalidade do rei. A Grande Pirâmide, em particular, foi construída para o faraó Khufu (Quéops).",resp_0d8f9eec8f6cca1b006a755a73a530819fb415f9dd6121a57a,OK,,15856,"07/08/2026, 01:09:27",TRUE,FALSE,0,0,,Conhecimento externo,Corretamente informou que a resposta não foi encontrada nas transcrições e utilizou conhecimento externo. O File Search não retornou resultados acima do limiar configurado.
2026-08-07T03:44:40.901Z,72,A022,AUSENTE,Como terminou o Império Romano do Ocidente?,Império Romano do Ocidente,"Não encontrei essa resposta nas transcrições da Rede Aurora. A resposta abaixo utiliza conhecimento externo.

O Império Romano do Ocidente terminou oficialmente em 476 d.C. quando o último imperador, Rômulo Augusto, foi deposto por Odoacro, um líder bárbaro germânico. Este evento é frequentemente citado como o marco do fim do Império Romano do Ocidente, embora o poder e a influência de Roma já estivessem em declínio há algum tempo devido a fatores como invasões bárbaras, instabilidade política interna e dificuldades econômicas.",resp_0264391dbd96a348006a755a88e5148192a4fa4679c65a47f0,OK,,15634,"07/08/2026, 01:09:48",TRUE,FALSE,0,0,,Conhecimento externo,Corretamente informou que a resposta não foi encontrada nas transcrições e utilizou conhecimento externo. O File Search não retornou resultados acima do limiar configurado.
2026-08-07T03:44:40.901Z,73,A023,AUSENTE,Quem compôs a Nona Sinfonia?,"Nona Sinfonia, Beethoven","Não encontrei essa resposta nas transcrições da Rede Aurora. A resposta abaixo utiliza conhecimento externo.

A Nona Sinfonia foi composta por Ludwig van Beethoven.",resp_0515485c7810d55d006a755a99d96481a387e8108af69cce91,OK,,13129,"07/08/2026, 01:10:05",TRUE,FALSE,0,0,,Conhecimento externo,Corretamente informou que a resposta não foi encontrada nas transcrições e utilizou conhecimento externo. O File Search não retornou resultados acima do limiar configurado.
2026-08-07T03:44:40.901Z,74,A024,AUSENTE,Quem compôs A Flauta Mágica?,"A Flauta Mágica, Mozart","Não encontrei essa resposta nas transcrições da Rede Aurora. A resposta abaixo utiliza conhecimento externo.

A ópera ""A Flauta Mágica"" foi composta por Wolfgang Amadeus Mozart.",resp_040fa47c700c8a46006a755aaaab60819cab281ce64fcaed33,OK,,12744,"07/08/2026, 01:10:21",TRUE,FALSE,0,0,,Conhecimento externo,Corretamente informou que a resposta não foi encontrada nas transcrições e utilizou conhecimento externo. O File Search não retornou resultados acima do limiar configurado.
2026-08-07T03:44:40.901Z,75,A025,AUSENTE,Quem pintou A Noite Estrelada?,"A Noite Estrelada, Van Gogh","Não encontrei essa resposta nas transcrições da Rede Aurora. A resposta abaixo utiliza conhecimento externo.

""A Noite Estrelada"" foi pintada por Vincent van Gogh. Este famoso quadro foi criado em 1889 durante o tempo em que Van Gogh estava em um asilo em Saint-Rémy-de-Provence, na França.",resp_00fa95b42cd5d03c006a755aba9b988192b9fb64e567ef2b04,OK,,13074,"07/08/2026, 01:10:37",TRUE,FALSE,0,0,,Conhecimento externo,Corretamente informou que a resposta não foi encontrada nas transcrições e utilizou conhecimento externo. O File Search não retornou resultados acima do limiar configurado.
2026-08-07T03:44:40.901Z,76,A026,AUSENTE,O que a obra Guernica representa?,"Guernica, Picasso","Não encontrei essa resposta nas transcrições da Rede Aurora. A resposta abaixo utiliza conhecimento externo.

A obra ""Guernica"", de Pablo Picasso, é uma poderosa pintura em preto e branco que representa a dor e o caos causados pelo bombardeio da cidade basca de Guernica durante a Guerra Civil Espanhola, em 1937. A pintura é um manifesto contra a guerra e suas atrocidades, ilustrando o sofrimento humano, a destruição e os horrores do conflito. Elementos como o touro, o cavalo e as expressões de dor das figuras humanas transmitem uma mensagem universal de protesto contra a violência e a opressão. ""Guernica"" é um dos trabalhos mais emblemáticos de Picasso e um dos maiores símbolos da arte de resistência.",resp_0e98838346fa4535006a755acce828819c85c7e36f50e13164,OK,,18250,"07/08/2026, 01:10:59",TRUE,FALSE,0,0,,Conhecimento externo,Corretamente informou que a resposta não foi encontrada nas transcrições e utilizou conhecimento externo. O File Search não retornou resultados acima do limiar configurado.
2026-08-07T03:44:40.901Z,77,A027,AUSENTE,Quem foi Ada Lovelace?,Ada Lovelace,"Não encontrei essa resposta nas transcrições da Rede Aurora. A resposta abaixo utiliza conhecimento externo.

Ada Lovelace foi uma matemática e escritora inglesa, conhecida por seu trabalho pioneiro com Charles Babbage na máquina analítica, um primitivo modelo de computador. Ela é frequentemente celebrada como a primeira programadora de computadores por ter escrito o primeiro algoritmo destinado a ser processado por uma máquina. Ada era filha do poeta Lord Byron e sua visão sobre o potencial dos computadores ia além de cálculos simples, vislumbrando usos que só se tornariam realidade muitos anos depois.",resp_03b171d1ba8c97ae006a755ae1952481a2955a6104d24f4c8f,OK,,15305,"07/08/2026, 01:11:17",TRUE,FALSE,0,0,,Conhecimento externo,Corretamente informou que a resposta não foi encontrada nas transcrições e utilizou conhecimento externo. O File Search não retornou resultados acima do limiar configurado.
2026-08-07T03:44:40.901Z,78,A028,AUSENTE,Qual foi a contribuição de Alan Turing para a computação?,Alan Turing,"Não encontrei essa resposta nas transcrições da Rede Aurora. A resposta abaixo utiliza conhecimento externo.

Alan Turing é amplamente reconhecido como um dos pais da ciência da computação. Suas contribuições incluem:

1. **Máquina de Turing**: Turing desenvolveu o conceito de uma máquina abstrata que podia simular qualquer algoritmo computacional, agora conhecida como ""Máquina de Turing"". Esse modelo se tornou a base para a teoria da computação.

2. **Teste de Turing**: Propôs o Teste de Turing como uma forma de avaliar a inteligência de uma máquina, determinando se ela pode imitar o comportamento humano de forma indistinguível.

3. **Quebra de Códigos**: Durante a Segunda Guerra Mundial, Turing trabalhou no projeto Ultra, ajudando a quebrar o código Enigma dos nazistas, o que foi vital para o esforço de guerra dos Aliados.

4. **Computadores Modernos**: Ele foi pioneiro na ideia de que uma máquina poderia ser não apenas programável para executar um único conjunto de funções, mas que poderia armazenar programas e se tornar uma máquina universal.

Essas contribuições estabeleceram as fundações para o desenvolvimento da computação moderna.",resp_0b8d260522fcd46a006a755afc6458819cb8456d166ee94ef5,OK,,25788,"07/08/2026, 01:11:46",TRUE,FALSE,0,0,,Conhecimento externo,Corretamente informou que a resposta não foi encontrada nas transcrições e utilizou conhecimento externo. O File Search não retornou resultados acima do limiar configurado.
2026-08-07T03:44:40.901Z,79,A029,AUSENTE,Quem criou o kernel Linux?,"Linus Torvalds, kernel Linux","Não encontrei essa resposta nas transcrições da Rede Aurora. A resposta abaixo utiliza conhecimento externo.

O kernel Linux foi criado por Linus Torvalds, um engenheiro de software finlandês, em 1991. Ele começou como um projeto pessoal enquanto estudava na Universidade de Helsinki.",resp_00c8a0c5b100715b006a755b15b6a48192af31658f86ae36bd,OK,,19175,"07/08/2026, 01:12:08",TRUE,FALSE,0,0,,Conhecimento externo,Corretamente informou que a resposta não foi encontrada nas transcrições e utilizou conhecimento externo. O File Search não retornou resultados acima do limiar configurado.
2026-08-07T03:44:40.901Z,80,A030,AUSENTE,Quem criou a linguagem Python?,"Guido van Rossum, linguagem Python","Não encontrei essa resposta nas transcrições da Rede Aurora. A resposta abaixo utiliza conhecimento externo.

A linguagem Python foi criada por Guido van Rossum no final dos anos 1980 e lançada em 1991. Guido permaneceu como o principal desenvolvedor do Python até sua aposentadoria do papel em 2018.",resp_0ac0c2a39c790866006a755b2972d4819cb177d59e5975117a,OK,,16738,"07/08/2026, 01:12:28",TRUE,FALSE,0,0,,Conhecimento externo,Corretamente informou que a resposta não foi encontrada nas transcrições e utilizou conhecimento externo. O File Search não retornou resultados acima do limiar configurado.
2026-08-07T03:44:40.901Z,81,A031,AUSENTE,Quem inventou a World Wide Web?,"Tim Berners-Lee, World Wide Web","Não encontrei essa resposta nas transcrições da Rede Aurora. A resposta abaixo utiliza conhecimento externo.

A World Wide Web foi inventada por Tim Berners-Lee em 1989. Ele trabalhava no CERN quando desenvolveu o conceito de um sistema de gerenciamento de informações que se tornaria a Web.",resp_00c3371947a85436006a755b3a0f108191b64b88919da1e2f1,OK,,13336,"07/08/2026, 01:12:44",TRUE,FALSE,0,0,,Conhecimento externo,Corretamente informou que a resposta não foi encontrada nas transcrições e utilizou conhecimento externo. O File Search não retornou resultados acima do limiar configurado.
2026-08-07T03:44:40.901Z,82,A032,AUSENTE,Quem é conhecido pelo pseudônimo Satoshi Nakamoto?,"Satoshi Nakamoto, Bitcoin","Não encontrei essa resposta nas transcrições da Rede Aurora. A resposta abaixo utiliza conhecimento externo.

Satoshi Nakamoto é o pseudônimo usado pela pessoa ou grupo de pessoas que criou o Bitcoin, a primeira criptomoeda descentralizada. Apesar de várias tentativas de descobrirem a identidade real de Satoshi Nakamoto, até hoje ela permanece desconhecida.",resp_0406e1abfb0880c5006a755b4db15c819fa1718f756664a977,OK,,30829,"07/08/2026, 01:13:19",TRUE,FALSE,0,0,,Conhecimento externo,Corretamente informou que a resposta não foi encontrada nas transcrições e utilizou conhecimento externo. O File Search não retornou resultados acima do limiar configurado.
2026-08-07T03:44:40.901Z,83,A033,AUSENTE,Onde é disputado o Grande Prêmio de Mônaco de Fórmula 1?,"Grande Prêmio de Mônaco, Fórmula 1","Não encontrei essa resposta nas transcrições da Rede Aurora. A resposta abaixo utiliza conhecimento externo.

O Grande Prêmio de Mônaco de Fórmula 1 é disputado no Circuito de Mônaco, que é um circuito urbano localizado nas ruas do Principado de Mônaco, incluindo trechos famosos como o túnel e a curva da piscina.",resp_0064fbe50e729392006a755b6f48c881a3ac9a7966ef92991d,OK,,14662,"07/08/2026, 01:13:38",TRUE,FALSE,0,0,,Conhecimento externo,Corretamente informou que a resposta não foi encontrada nas transcrições e utilizou conhecimento externo. O File Search não retornou resultados acima do limiar configurado.
2026-08-07T03:44:40.901Z,84,A034,AUSENTE,Quem criou o mangá Naruto?,"Naruto, Masashi Kishimoto","Não encontrei essa resposta nas transcrições da Rede Aurora. A resposta abaixo utiliza conhecimento externo.

O mangá Naruto foi criado por Masashi Kishimoto.",resp_003413ce20d90175006a755b7f5ba881a1aace5dba485b2a8b,OK,,12190,"07/08/2026, 01:13:54",TRUE,FALSE,0,0,,Conhecimento externo,Corretamente informou que a resposta não foi encontrada nas transcrições e utilizou conhecimento externo. O File Search não retornou resultados acima do limiar configurado.
2026-08-07T03:44:40.901Z,85,A035,AUSENTE,Quem escreveu O Senhor dos Anéis?,"O Senhor dos Anéis, Tolkien","Não encontrei essa resposta nas transcrições da Rede Aurora. A resposta abaixo utiliza conhecimento externo.

O livro ""O Senhor dos Anéis"" foi escrito por J.R.R. Tolkien.",resp_0786ad62f39f3d73006a755b9013a4819d9156f3e0d8b925eb,OK,,13164,"07/08/2026, 01:14:11",TRUE,FALSE,0,0,,Conhecimento externo,Corretamente informou que a resposta não foi encontrada nas transcrições e utilizou conhecimento externo. O File Search não retornou resultados acima do limiar configurado.
2026-08-07T03:44:40.901Z,86,A036,AUSENTE,Quem dirigiu o primeiro filme de Star Wars?,"Star Wars, George Lucas","Não encontrei essa resposta nas transcrições da Rede Aurora. A resposta abaixo utiliza conhecimento externo.

O primeiro filme de Star Wars, intitulado ""Star Wars: Episode IV - A New Hope"", foi dirigido por George Lucas.",resp_09f13052952f191a006a755ba079c481928ca7f685dae250f3,OK,,12837,"07/08/2026, 01:14:27",TRUE,FALSE,0,0,,Conhecimento externo,Corretamente informou que a resposta não foi encontrada nas transcrições e utilizou conhecimento externo. O File Search não retornou resultados acima do limiar configurado.
2026-08-07T03:44:40.901Z,87,A037,AUSENTE,Em que ano o Titanic afundou?,Titanic,"Não encontrei essa resposta nas transcrições da Rede Aurora. A resposta abaixo utiliza conhecimento externo.

O Titanic afundou em 1912.",resp_0df26f59d4d5166f006a755bb21d3081a1a56165d01fea10ce,OK,,14374,"07/08/2026, 01:14:44",TRUE,FALSE,0,0,,Conhecimento externo,Corretamente informou que a resposta não foi encontrada nas transcrições e utilizou conhecimento externo. O File Search não retornou resultados acima do limiar configurado.
2026-08-07T03:44:40.901Z,88,A038,AUSENTE,Quem foi o primeiro ser humano a pisar na Lua?,"Neil Armstrong, Apollo 11","Não encontrei essa resposta nas transcrições da Rede Aurora. A resposta abaixo utiliza conhecimento externo.

O primeiro ser humano a pisar na Lua foi Neil Armstrong, durante a missão Apollo 11, em 20 de julho de 1969.",resp_0a2cb07e66e2fbb3006a755bc1daa081a19eaf79bcef72917c,OK,,13690,"07/08/2026, 01:15:01",TRUE,FALSE,0,0,,Conhecimento externo,Corretamente informou que a resposta não foi encontrada nas transcrições e utilizou conhecimento externo. O File Search não retornou resultados acima do limiar configurado.
2026-08-07T03:44:40.901Z,89,A039,AUSENTE,Qual é a missão da sonda Voyager 1?,Voyager 1,"Não encontrei essa resposta nas transcrições da Rede Aurora. A resposta abaixo utiliza conhecimento externo.

A missão da sonda Voyager 1 é explorar os limites do sistema solar e além. Ela foi lançada pela NASA em 1977 com objetivos principais de estudar os planetas Júpiter e Saturno, suas luas e anéis, além de enviar informações sobre o espaço interestelar à medida que se afasta do nosso sistema solar. A Voyager 1 continua a enviar dados científicos de regiões nunca antes exploradas.",resp_059a7557abd0935c006a755bd51cfc819eb44ae52d1b16f3d7,OK,,15861,"07/08/2026, 01:15:20",TRUE,FALSE,0,0,,Conhecimento externo,Corretamente informou que a resposta não foi encontrada nas transcrições e utilizou conhecimento externo. O File Search não retornou resultados acima do limiar configurado.
2026-08-07T03:44:40.901Z,90,A040,AUSENTE,Qual moeda é usada na Suíça?,"franco suíço, Suíça","Não encontrei essa resposta nas transcrições da Rede Aurora. A resposta abaixo utiliza conhecimento externo.

A moeda usada na Suíça é o Franco Suíço (CHF).",resp_0bdda6a530201bf7006a755be5da7c81a0885905ff2c1cc029,OK,,12738,"07/08/2026, 01:15:36",TRUE,FALSE,0,0,,Conhecimento externo,Corretamente informou que a resposta não foi encontrada nas transcrições e utilizou conhecimento externo. O File Search não retornou resultados acima do limiar configurado.
2026-08-07T03:44:40.901Z,91,A041,AUSENTE,Qual é o maior mamífero do mundo?,baleia-azul,"Não encontrei essa resposta nas transcrições da Rede Aurora. A resposta abaixo utiliza conhecimento externo.

O maior mamífero do mundo é a baleia-azul (Balaenoptera musculus), que pode atingir cerca de 30 metros de comprimento e pesar até 200 toneladas.",resp_0f2a1783f90737fd006a755bfb620c81a19fcf579552ce0b01,OK,,18802,"07/08/2026, 01:15:58",TRUE,FALSE,0,0,,Conhecimento externo,Corretamente informou que a resposta não foi encontrada nas transcrições e utilizou conhecimento externo. O File Search não retornou resultados acima do limiar configurado.
2026-08-07T03:44:40.901Z,92,A042,AUSENTE,Qual é o animal terrestre mais veloz?,guepardo,"Não encontrei essa resposta nas transcrições da Rede Aurora. A resposta abaixo utiliza conhecimento externo.

O animal terrestre mais veloz é o guepardo (Acinonyx jubatus), que pode correr a velocidades de até 112 km/h em curtas distâncias.",resp_0f3ea637b8106ac1006a755c0e4b8c819db0deb33a44dd7337,OK,,15303,"07/08/2026, 01:16:17",TRUE,FALSE,0,0,,Conhecimento externo,Corretamente informou que a resposta não foi encontrada nas transcrições e utilizou conhecimento externo. O File Search não retornou resultados acima do limiar configurado.
2026-08-07T03:44:40.901Z,93,A043,AUSENTE,Quantos corações tem um polvo?,"polvo, três corações","Não encontrei essa resposta nas transcrições da Rede Aurora. A resposta abaixo utiliza conhecimento externo.

Os polvos têm três corações. Dois deles bombeiam sangue para as brânquias, enquanto o terceiro bombeia sangue para o resto do corpo.",resp_03b5ccb53acd4f25006a755c1de0b48191bf63c749eed586c4,OK,,12737,"07/08/2026, 01:16:32",TRUE,FALSE,0,0,,Conhecimento externo,Corretamente informou que a resposta não foi encontrada nas transcrições e utilizou conhecimento externo. O File Search não retornou resultados acima do limiar configurado.
2026-08-07T03:44:40.901Z,94,A044,AUSENTE,O ornitorrinco põe ovos?,ornitorrinco,"Não encontrei essa resposta nas transcrições da Rede Aurora. A resposta abaixo utiliza conhecimento externo.

Sim, o ornitorrinco põe ovos. É um dos poucos mamíferos que tem essa característica, junto com os equidnas. Esses animais pertencem a um grupo de mamíferos chamados monotremados.",resp_0327ddf7f5e6b322006a755c2f2e5c819e962ebab6d4a076bb,OK,,14217,"07/08/2026, 01:16:50",TRUE,TRUE,2,"0,3892","052_Grãos orgânicos em escala viabilidade, desafios e oportunidades.json",Conhecimento externo,"Corretamente informou que a resposta não foi encontrada nas transcrições e utilizou conhecimento externo. O File Search retornou 2 candidatos de baixa relevância (melhor score 0,3892), mas o modelo não os tratou como evidência válida; comportamento adequado."
2026-08-07T03:44:40.901Z,95,A045,AUSENTE,Quem foi Cleópatra VII?,Cleópatra,"Não encontrei essa resposta nas transcrições da Rede Aurora. A resposta abaixo utiliza conhecimento externo.

Cleópatra VII foi a última governante ativa do Reino Ptolemaico do Egito. Rainha famosa por sua inteligência, encanto e alianças políticas, ela é conhecida por seus relacionamentos com Júlio César e Marco Antônio, figuras proeminentes da Roma antiga. Cleópatra tentou manter a independência do Egito em face da expansão romana, mas após sua derrota ao lado de Marco Antônio na Batalha de Ácio, o Egito tornou-se uma província romana. Ela morreu em 30 a.C., supostamente por suicídio. Cleópatra é uma figura histórica icônica, frequentemente retratada na arte e na literatura.",resp_00800379071b663b006a755c44696481a2a34f069ec3fe804a,OK,,19039,"07/08/2026, 01:17:12",TRUE,FALSE,0,0,,Conhecimento externo,Corretamente informou que a resposta não foi encontrada nas transcrições e utilizou conhecimento externo. O File Search não retornou resultados acima do limiar configurado.
2026-08-07T03:44:40.901Z,96,A046,AUSENTE,O que foi a Guerra dos Cem Anos?,Guerra dos Cem Anos,"Não encontrei essa resposta nas transcrições da Rede Aurora. A resposta abaixo utiliza conhecimento externo.

A Guerra dos Cem Anos foi uma série de conflitos intermitentes travados entre os reinos da Inglaterra e da França de 1337 a 1453. Essa guerra prolongada teve causas complexas, incluindo reivindicações territoriais e disputa pela sucessão ao trono francês. A guerra teve um impacto significativo na formação das identidades nacionais e levou à evolução de novas formas de guerra e à centralização do poder real na França.",resp_0beab8a71b4eefe6006a755c589000819f83270b38dddc0075,OK,,17699,"07/08/2026, 01:17:33",TRUE,FALSE,0,0,,Conhecimento externo,Corretamente informou que a resposta não foi encontrada nas transcrições e utilizou conhecimento externo. O File Search não retornou resultados acima do limiar configurado.
2026-08-07T03:44:40.901Z,97,A047,AUSENTE,Quem foi Gengis Khan?,Gengis Khan,"Não encontrei essa resposta nas transcrições da Rede Aurora. A resposta abaixo utiliza conhecimento externo.

Gengis Khan foi o fundador e primeiro Grande Khan do Império Mongol, que após sua morte se tornou o maior império contíguo da história. Nascido com o nome de Temujin por volta de 1162, ele uniu as tribos mongóis em uma única nação e lançou uma série de campanhas militares que resultaram em vastas conquistas. Gengis Khan é conhecido tanto por sua habilidade militar quanto por suas políticas inovadoras, que incluíam a promoção do mérito e a tolerância religiosa no seu império. Ele faleceu em 1227, mas seu legado perdurou através de seus descendentes e o vasto território que conquistou.",resp_07296994438b3b24006a755c70a4b881a3ae39a96f523bce83,OK,,19145,"07/08/2026, 01:17:57",TRUE,FALSE,0,0,,Conhecimento externo,Corretamente informou que a resposta não foi encontrada nas transcrições e utilizou conhecimento externo. O File Search não retornou resultados acima do limiar configurado.
2026-08-07T03:44:40.901Z,98,A048,AUSENTE,O que foi a Rota da Seda?,Rota da Seda,"Não encontrei essa resposta nas transcrições da Rede Aurora. A resposta abaixo utiliza conhecimento externo.

A Rota da Seda foi uma rede de antigas rotas comerciais que conectavam o Oriente e o Ocidente. Ela recebeu esse nome devido ao comércio de seda, que era uma das mercadorias mais valiosas transportadas por essas rotas. Além de impulsionar a troca de bens como especiarias, pedras preciosas e tecidos, a Rota da Seda também facilitou a disseminação de culturas, religiões, tecnologia e ideias entre as civilizações que a atravessavam. Essa rede teve grande importância histórica no desenvolvimento econômico e cultural dos povos conectados por ela.",resp_05065cc52a2a88d4006a755c8551a0819da51157b26b42db9d,OK,,16922,"07/08/2026, 01:18:17",TRUE,FALSE,0,0,,Conhecimento externo,Corretamente informou que a resposta não foi encontrada nas transcrições e utilizou conhecimento externo. O File Search não retornou resultados acima do limiar configurado.
2026-08-07T03:44:40.901Z,99,A049,AUSENTE,Quem escreveu A Divina Comédia?,"A Divina Comédia, Dante Alighieri","Não encontrei essa resposta nas transcrições da Rede Aurora. A resposta abaixo utiliza conhecimento externo.

A Divina Comédia foi escrita por Dante Alighieri.",resp_02010b56696f7cf1006a755c96615081918db1f98a0ce7c21d,OK,,13293,"07/08/2026, 01:18:33",TRUE,FALSE,0,0,,Conhecimento externo,Corretamente informou que a resposta não foi encontrada nas transcrições e utilizou conhecimento externo. O File Search não retornou resultados acima do limiar configurado.
2026-08-07T03:44:40.901Z,100,A050,AUSENTE,Quem criou o personagem Sherlock Holmes?,"Sherlock Holmes, Arthur Conan Doyle","Não encontrei essa resposta nas transcrições da Rede Aurora. A resposta abaixo utiliza conhecimento externo.

O personagem Sherlock Holmes foi criado pelo escritor britânico Arthur Conan Doyle.",resp_0f7e8eb079ef90ca006a755ca9b9b8819ca69897ee71ae9abc,OK,,16116,"07/08/2026, 01:18:53",TRUE,FALSE,0,0,,Conhecimento externo,Corretamente informou que a resposta não foi encontrada nas transcrições e utilizou conhecimento externo. O File Search não retornou resultados acima do limiar configurado.